/****************************************************************************
** Resource object code
**
** Created by: The Resource Compiler for Qt version 6.11.1
**
** WARNING! All changes made in this file will be lost!
*****************************************************************************/

#ifdef _MSC_VER
// disable informational message "function ... selected for automatic inline expansion"
#pragma warning (disable: 4711)
#endif

static const unsigned char qt_resource_data[] = {
  // Main.qml
  0x0,0x0,0x9,0x83,
  0x2f,
  0x2f,0x20,0x4d,0x61,0x69,0x6e,0x20,0x77,0x69,0x6e,0x64,0x6f,0x77,0x20,0xe2,0x80,
  0x94,0x20,0x67,0x6c,0x6f,0x62,0x61,0x6c,0x20,0x52,0x54,0x4c,0x20,0x6d,0x69,0x72,
  0x72,0x6f,0x72,0x69,0x6e,0x67,0x2c,0x20,0x46,0x61,0x72,0x73,0x69,0x20,0x55,0x49,
  0x2c,0x20,0x36,0x30,0x66,0x70,0x73,0x20,0x73,0x63,0x65,0x6e,0x65,0x2d,0x67,0x72,
  0x61,0x70,0x68,0x20,0x72,0x65,0x6e,0x64,0x65,0x72,0x69,0x6e,0x67,0x2e,0xa,0x69,
  0x6d,0x70,0x6f,0x72,0x74,0x20,0x51,0x74,0x51,0x75,0x69,0x63,0x6b,0xa,0x69,0x6d,
  0x70,0x6f,0x72,0x74,0x20,0x51,0x74,0x51,0x75,0x69,0x63,0x6b,0x2e,0x43,0x6f,0x6e,
  0x74,0x72,0x6f,0x6c,0x73,0xa,0x69,0x6d,0x70,0x6f,0x72,0x74,0x20,0x51,0x74,0x51,
  0x75,0x69,0x63,0x6b,0x2e,0x4c,0x61,0x79,0x6f,0x75,0x74,0x73,0xa,0xa,0x41,0x70,
  0x70,0x6c,0x69,0x63,0x61,0x74,0x69,0x6f,0x6e,0x57,0x69,0x6e,0x64,0x6f,0x77,0x20,
  0x7b,0xa,0x20,0x20,0x20,0x20,0x69,0x64,0x3a,0x20,0x72,0x6f,0x6f,0x74,0xa,0x20,
  0x20,0x20,0x20,0x76,0x69,0x73,0x69,0x62,0x6c,0x65,0x3a,0x20,0x74,0x72,0x75,0x65,
  0xa,0x20,0x20,0x20,0x20,0x77,0x69,0x64,0x74,0x68,0x3a,0x20,0x31,0x36,0x30,0x30,
  0xa,0x20,0x20,0x20,0x20,0x68,0x65,0x69,0x67,0x68,0x74,0x3a,0x20,0x39,0x30,0x30,
  0xa,0x20,0x20,0x20,0x20,0x74,0x69,0x74,0x6c,0x65,0x3a,0x20,0x22,0xd8,0xb3,0xd8,
  0xa7,0xd9,0x85,0xd8,0xa7,0xd9,0x86,0xd9,0x87,0x20,0xd9,0x85,0xd8,0xaf,0xdb,0x8c,
  0xd8,0xb1,0xdb,0x8c,0xd8,0xaa,0x20,0xd8,0xaa,0xd8,0xb5,0xd8,0xa7,0xd9,0x88,0xdb,
  0x8c,0xd8,0xb1,0x20,0xd9,0x86,0xd8,0xb8,0xd8,0xa7,0xd8,0xb1,0xd8,0xaa,0xdb,0x8c,
  0x22,0xa,0x20,0x20,0x20,0x20,0x63,0x6f,0x6c,0x6f,0x72,0x3a,0x20,0x22,0x23,0x31,
  0x30,0x31,0x34,0x31,0x38,0x22,0xa,0xa,0x20,0x20,0x20,0x20,0x2f,0x2f,0x20,0x4d,
  0x61,0x6e,0x64,0x61,0x74,0x6f,0x72,0x79,0x20,0x67,0x6c,0x6f,0x62,0x61,0x6c,0x20,
  0x52,0x54,0x4c,0x20,0x6d,0x69,0x72,0x72,0x6f,0x72,0x69,0x6e,0x67,0x20,0xe2,0x80,
  0x94,0x20,0x65,0x76,0x65,0x72,0x79,0x20,0x63,0x68,0x69,0x6c,0x64,0x20,0x69,0x6e,
  0x68,0x65,0x72,0x69,0x74,0x73,0x2e,0xa,0x20,0x20,0x20,0x20,0x4c,0x61,0x79,0x6f,
  0x75,0x74,0x4d,0x69,0x72,0x72,0x6f,0x72,0x69,0x6e,0x67,0x2e,0x65,0x6e,0x61,0x62,
  0x6c,0x65,0x64,0x3a,0x20,0x74,0x72,0x75,0x65,0xa,0x20,0x20,0x20,0x20,0x4c,0x61,
  0x79,0x6f,0x75,0x74,0x4d,0x69,0x72,0x72,0x6f,0x72,0x69,0x6e,0x67,0x2e,0x63,0x68,
  0x69,0x6c,0x64,0x72,0x65,0x6e,0x49,0x6e,0x68,0x65,0x72,0x69,0x74,0x3a,0x20,0x74,
  0x72,0x75,0x65,0xa,0xa,0x20,0x20,0x20,0x20,0x66,0x6f,0x6e,0x74,0x2e,0x66,0x61,
  0x6d,0x69,0x6c,0x79,0x3a,0x20,0x22,0x56,0x61,0x7a,0x69,0x72,0x6d,0x61,0x74,0x6e,
  0x22,0xa,0xa,0x20,0x20,0x20,0x20,0x68,0x65,0x61,0x64,0x65,0x72,0x3a,0x20,0x54,
  0x6f,0x6f,0x6c,0x42,0x61,0x72,0x20,0x7b,0xa,0x20,0x20,0x20,0x20,0x20,0x20,0x20,
  0x20,0x52,0x6f,0x77,0x4c,0x61,0x79,0x6f,0x75,0x74,0x20,0x7b,0xa,0x20,0x20,0x20,
  0x20,0x20,0x20,0x20,0x20,0x20,0x20,0x20,0x20,0x61,0x6e,0x63,0x68,0x6f,0x72,0x73,
  0x2e,0x66,0x69,0x6c,0x6c,0x3a,0x20,0x70,0x61,0x72,0x65,0x6e,0x74,0xa,0x20,0x20,
  0x20,0x20,0x20,0x20,0x20,0x20,0x20,0x20,0x20,0x20,0x73,0x70,0x61,0x63,0x69,0x6e,
  0x67,0x3a,0x20,0x38,0xa,0xa,0x20,0x20,0x20,0x20,0x20,0x20,0x20,0x20,0x20,0x20,
  0x20,0x20,0x4c,0x61,0x62,0x65,0x6c,0x20,0x7b,0xa,0x20,0x20,0x20,0x20,0x20,0x20,
  0x20,0x20,0x20,0x20,0x20,0x20,0x20,0x20,0x20,0x20,0x74,0x65,0x78,0x74,0x3a,0x20,
  0x22,0xd9,0xbe,0xd8,0xae,0xd8,0xb4,0x20,0xd8,0xb2,0xd9,0x86,0xd8,0xaf,0xd9,0x87,
  0x22,0xa,0x20,0x20,0x20,0x20,0x20,0x20,0x20,0x20,0x20,0x20,0x20,0x20,0x20,0x20,
  0x20,0x20,0x66,0x6f,0x6e,0x74,0x2e,0x62,0x6f,0x6c,0x64,0x3a,0x20,0x74,0x72,0x75,
  0x65,0xa,0x20,0x20,0x20,0x20,0x20,0x20,0x20,0x20,0x20,0x20,0x20,0x20,0x20,0x20,
  0x20,0x20,0x4c,0x61,0x79,0x6f,0x75,0x74,0x2e,0x6c,0x65,0x66,0x74,0x4d,0x61,0x72,
  0x67,0x69,0x6e,0x3a,0x20,0x31,0x36,0xa,0x20,0x20,0x20,0x20,0x20,0x20,0x20,0x20,
  0x20,0x20,0x20,0x20,0x7d,0xa,0x20,0x20,0x20,0x20,0x20,0x20,0x20,0x20,0x20,0x20,
  0x20,0x20,0x54,0x6f,0x6f,0x6c,0x42,0x75,0x74,0x74,0x6f,0x6e,0x20,0x7b,0x20,0x74,
  0x65,0x78,0x74,0x3a,0x20,0x22,0xd8,0xa8,0xd8,0xa7,0xd8,0xb2,0xd8,0xa8,0xdb,0x8c,
  0xd9,0x86,0xdb,0x8c,0x22,0x20,0x7d,0xa,0x20,0x20,0x20,0x20,0x20,0x20,0x20,0x20,
  0x20,0x20,0x20,0x20,0x54,0x6f,0x6f,0x6c,0x42,0x75,0x74,0x74,0x6f,0x6e,0x20,0x7b,
  0x20,0x74,0x65,0x78,0x74,0x3a,0x20,0x22,0xd8,0xac,0xd8,0xb3,0xd8,0xaa,0xd8,0xac,
  0xd9,0x88,0xdb,0x8c,0x20,0xd9,0xbe,0xdb,0x8c,0xd8,0xb4,0xd8,0xb1,0xd9,0x81,0xd8,
  0xaa,0xd9,0x87,0x22,0x20,0x7d,0xa,0x20,0x20,0x20,0x20,0x20,0x20,0x20,0x20,0x20,
  0x20,0x20,0x20,0x54,0x6f,0x6f,0x6c,0x42,0x75,0x74,0x74,0x6f,0x6e,0x20,0x7b,0x20,
  0x74,0x65,0x78,0x74,0x3a,0x20,0x22,0xd9,0x86,0xd9,0x82,0xd8,0xb4,0xd9,0x87,0x20,
  0xd9,0x87,0xd9,0x88,0xd8,0xb4,0xd9,0x85,0xd9,0x86,0xd8,0xaf,0x22,0x20,0x7d,0xa,
  0x20,0x20,0x20,0x20,0x20,0x20,0x20,0x20,0x20,0x20,0x20,0x20,0x49,0x74,0x65,0x6d,
  0x20,0x7b,0x20,0x4c,0x61,0x79,0x6f,0x75,0x74,0x2e,0x66,0x69,0x6c,0x6c,0x57,0x69,
  0x64,0x74,0x68,0x3a,0x20,0x74,0x72,0x75,0x65,0x20,0x7d,0xa,0x20,0x20,0x20,0x20,
  0x20,0x20,0x20,0x20,0x20,0x20,0x20,0x20,0x54,0x6f,0x6f,0x6c,0x42,0x75,0x74,0x74,
  0x6f,0x6e,0x20,0x7b,0x20,0x74,0x65,0x78,0x74,0x3a,0x20,0x22,0xd8,0xaa,0xd9,0x86,
  0xd8,0xb8,0xdb,0x8c,0xd9,0x85,0xd8,0xa7,0xd8,0xaa,0x20,0xd8,0xb3,0xd8,0xb1,0xd9,
  0x88,0xd8,0xb1,0x22,0x20,0x7d,0xa,0xa,0x20,0x20,0x20,0x20,0x20,0x20,0x20,0x20,
  0x20,0x20,0x20,0x20,0x2f,0x2f,0x20,0x4c,0x69,0x76,0x65,0x20,0x53,0x68,0x61,0x6d,
  0x73,0x69,0x20,0x63,0x6c,0x6f,0x63,0x6b,0x20,0x28,0x55,0x54,0x43,0x20,0x69,0x6e,
  0x74,0x65,0x72,0x6e,0x61,0x6c,0x6c,0x79,0x3b,0x20,0x53,0x68,0x61,0x6d,0x73,0x69,
  0x20,0x61,0x74,0x20,0x74,0x68,0x65,0x20,0x65,0x64,0x67,0x65,0x29,0x2e,0xa,0x20,
  0x20,0x20,0x20,0x20,0x20,0x20,0x20,0x20,0x20,0x20,0x20,0x4c,0x61,0x62,0x65,0x6c,
  0x20,0x7b,0xa,0x20,0x20,0x20,0x20,0x20,0x20,0x20,0x20,0x20,0x20,0x20,0x20,0x20,
  0x20,0x20,0x20,0x69,0x64,0x3a,0x20,0x63,0x6c,0x6f,0x63,0x6b,0x4c,0x61,0x62,0x65,
  0x6c,0xa,0x20,0x20,0x20,0x20,0x20,0x20,0x20,0x20,0x20,0x20,0x20,0x20,0x20,0x20,
  0x20,0x20,0x4c,0x61,0x79,0x6f,0x75,0x74,0x2e,0x72,0x69,0x67,0x68,0x74,0x4d,0x61,
  0x72,0x67,0x69,0x6e,0x3a,0x20,0x31,0x36,0xa,0x20,0x20,0x20,0x20,0x20,0x20,0x20,
  0x20,0x20,0x20,0x20,0x20,0x20,0x20,0x20,0x20,0x74,0x65,0x78,0x74,0x3a,0x20,0x73,
  0x68,0x61,0x6d,0x73,0x69,0x2e,0x6e,0x6f,0x77,0x53,0x68,0x61,0x6d,0x73,0x69,0x28,
  0x29,0xa,0x20,0x20,0x20,0x20,0x20,0x20,0x20,0x20,0x20,0x20,0x20,0x20,0x20,0x20,
  0x20,0x20,0x54,0x69,0x6d,0x65,0x72,0x20,0x7b,0xa,0x20,0x20,0x20,0x20,0x20,0x20,
  0x20,0x20,0x20,0x20,0x20,0x20,0x20,0x20,0x20,0x20,0x20,0x20,0x20,0x20,0x69,0x6e,
  0x74,0x65,0x72,0x76,0x61,0x6c,0x3a,0x20,0x31,0x30,0x30,0x30,0x3b,0x20,0x72,0x75,
  0x6e,0x6e,0x69,0x6e,0x67,0x3a,0x20,0x74,0x72,0x75,0x65,0x3b,0x20,0x72,0x65,0x70,
  0x65,0x61,0x74,0x3a,0x20,0x74,0x72,0x75,0x65,0xa,0x20,0x20,0x20,0x20,0x20,0x20,
  0x20,0x20,0x20,0x20,0x20,0x20,0x20,0x20,0x20,0x20,0x20,0x20,0x20,0x20,0x6f,0x6e,
  0x54,0x72,0x69,0x67,0x67,0x65,0x72,0x65,0x64,0x3a,0x20,0x63,0x6c,0x6f,0x63,0x6b,
  0x4c,0x61,0x62,0x65,0x6c,0x2e,0x74,0x65,0x78,0x74,0x20,0x3d,0x20,0x73,0x68,0x61,
  0x6d,0x73,0x69,0x2e,0x6e,0x6f,0x77,0x53,0x68,0x61,0x6d,0x73,0x69,0x28,0x29,0xa,
  0x20,0x20,0x20,0x20,0x20,0x20,0x20,0x20,0x20,0x20,0x20,0x20,0x20,0x20,0x20,0x20,
  0x7d,0xa,0x20,0x20,0x20,0x20,0x20,0x20,0x20,0x20,0x20,0x20,0x20,0x20,0x7d,0xa,
  0x20,0x20,0x20,0x20,0x20,0x20,0x20,0x20,0x7d,0xa,0x20,0x20,0x20,0x20,0x7d,0xa,
  0xa,0x20,0x20,0x20,0x20,0x52,0x6f,0x77,0x4c,0x61,0x79,0x6f,0x75,0x74,0x20,0x7b,
  0xa,0x20,0x20,0x20,0x20,0x20,0x20,0x20,0x20,0x61,0x6e,0x63,0x68,0x6f,0x72,0x73,
  0x2e,0x66,0x69,0x6c,0x6c,0x3a,0x20,0x70,0x61,0x72,0x65,0x6e,0x74,0xa,0x20,0x20,
  0x20,0x20,0x20,0x20,0x20,0x20,0x73,0x70,0x61,0x63,0x69,0x6e,0x67,0x3a,0x20,0x30,
  0xa,0xa,0x20,0x20,0x20,0x20,0x20,0x20,0x20,0x20,0x2f,0x2f,0x20,0x43,0x61,0x6d,
  0x65,0x72,0x61,0x20,0x64,0x69,0x72,0x65,0x63,0x74,0x6f,0x72,0x79,0x20,0x74,0x72,
  0x65,0x65,0x20,0x28,0x66,0x6c,0x6f,0x77,0x73,0x20,0x72,0x69,0x67,0x68,0x74,0x2d,
  0x74,0x6f,0x2d,0x6c,0x65,0x66,0x74,0x3b,0x20,0x74,0x72,0x65,0x65,0x20,0x69,0x73,
  0x20,0x6f,0x6e,0x20,0x74,0x68,0x65,0x20,0x72,0x69,0x67,0x68,0x74,0x29,0xa,0x20,
  0x20,0x20,0x20,0x20,0x20,0x20,0x20,0x43,0x61,0x6d,0x65,0x72,0x61,0x54,0x72,0x65,
  0x65,0x20,0x7b,0xa,0x20,0x20,0x20,0x20,0x20,0x20,0x20,0x20,0x20,0x20,0x20,0x20,
  0x69,0x64,0x3a,0x20,0x63,0x61,0x6d,0x65,0x72,0x61,0x54,0x72,0x65,0x65,0xa,0x20,
  0x20,0x20,0x20,0x20,0x20,0x20,0x20,0x20,0x20,0x20,0x20,0x4c,0x61,0x79,0x6f,0x75,
  0x74,0x2e,0x70,0x72,0x65,0x66,0x65,0x72,0x72,0x65,0x64,0x57,0x69,0x64,0x74,0x68,
  0x3a,0x20,0x32,0x38,0x30,0xa,0x20,0x20,0x20,0x20,0x20,0x20,0x20,0x20,0x20,0x20,
  0x20,0x20,0x4c,0x61,0x79,0x6f,0x75,0x74,0x2e,0x66,0x69,0x6c,0x6c,0x48,0x65,0x69,
  0x67,0x68,0x74,0x3a,0x20,0x74,0x72,0x75,0x65,0xa,0xa,0x20,0x20,0x20,0x20,0x20,
  0x20,0x20,0x20,0x20,0x20,0x20,0x20,0x2f,0x2f,0x20,0x44,0x6f,0x75,0x62,0x6c,0x65,
  0x2d,0x63,0x6c,0x69,0x63,0x6b,0x65,0x64,0x20,0x63,0x61,0x6d,0x65,0x72,0x61,0x20,
  0x6c,0x61,0x6e,0x64,0x73,0x20,0x69,0x6e,0x20,0x74,0x68,0x65,0x20,0x66,0x6f,0x63,
  0x75,0x73,0x65,0x64,0x20,0x67,0x72,0x69,0x64,0x20,0x63,0x65,0x6c,0x6c,0x2e,0xa,
  0x20,0x20,0x20,0x20,0x20,0x20,0x20,0x20,0x20,0x20,0x20,0x20,0x6f,0x6e,0x43,0x61,
  0x6d,0x65,0x72,0x61,0x41,0x63,0x74,0x69,0x76,0x61,0x74,0x65,0x64,0x3a,0x20,0x28,
  0x63,0x61,0x6d,0x65,0x72,0x61,0x55,0x75,0x69,0x64,0x2c,0x20,0x6e,0x61,0x6d,0x65,
  0x46,0x61,0x29,0x20,0x3d,0x3e,0xa,0x20,0x20,0x20,0x20,0x20,0x20,0x20,0x20,0x20,
  0x20,0x20,0x20,0x20,0x20,0x20,0x20,0x67,0x72,0x69,0x64,0x45,0x6e,0x67,0x69,0x6e,
  0x65,0x2e,0x61,0x73,0x73,0x69,0x67,0x6e,0x43,0x61,0x6d,0x65,0x72,0x61,0x54,0x6f,
  0x46,0x6f,0x63,0x75,0x73,0x65,0x64,0x43,0x65,0x6c,0x6c,0x28,0x63,0x61,0x6d,0x65,
  0x72,0x61,0x55,0x75,0x69,0x64,0x29,0xa,0x20,0x20,0x20,0x20,0x20,0x20,0x20,0x20,
  0x7d,0xa,0xa,0x20,0x20,0x20,0x20,0x20,0x20,0x20,0x20,0x43,0x6f,0x6c,0x75,0x6d,
  0x6e,0x4c,0x61,0x79,0x6f,0x75,0x74,0x20,0x7b,0xa,0x20,0x20,0x20,0x20,0x20,0x20,
  0x20,0x20,0x20,0x20,0x20,0x20,0x4c,0x61,0x79,0x6f,0x75,0x74,0x2e,0x66,0x69,0x6c,
  0x6c,0x57,0x69,0x64,0x74,0x68,0x3a,0x20,0x74,0x72,0x75,0x65,0xa,0x20,0x20,0x20,
  0x20,0x20,0x20,0x20,0x20,0x20,0x20,0x20,0x20,0x4c,0x61,0x79,0x6f,0x75,0x74,0x2e,
  0x66,0x69,0x6c,0x6c,0x48,0x65,0x69,0x67,0x68,0x74,0x3a,0x20,0x74,0x72,0x75,0x65,
  0xa,0x20,0x20,0x20,0x20,0x20,0x20,0x20,0x20,0x20,0x20,0x20,0x20,0x73,0x70,0x61,
  0x63,0x69,0x6e,0x67,0x3a,0x20,0x30,0xa,0xa,0x20,0x20,0x20,0x20,0x20,0x20,0x20,
  0x20,0x20,0x20,0x20,0x20,0x2f,0x2f,0x20,0x48,0x79,0x70,0x65,0x72,0x2d,0x63,0x75,
  0x73,0x74,0x6f,0x6d,0x69,0x7a,0x61,0x62,0x6c,0x65,0x20,0x67,0x72,0x69,0x64,0x20,
  0x65,0x6e,0x67,0x69,0x6e,0x65,0x20,0x61,0x70,0x70,0x6c,0x79,0x69,0x6e,0x67,0x20,
  0x47,0x72,0x69,0x64,0x4c,0x61,0x79,0x6f,0x75,0x74,0x2e,0x6c,0x61,0x79,0x6f,0x75,
  0x74,0x5f,0x6a,0x73,0x6f,0x6e,0xa,0x20,0x20,0x20,0x20,0x20,0x20,0x20,0x20,0x20,
  0x20,0x20,0x20,0x47,0x72,0x69,0x64,0x45,0x6e,0x67,0x69,0x6e,0x65,0x20,0x7b,0xa,
  0x20,0x20,0x20,0x20,0x20,0x20,0x20,0x20,0x20,0x20,0x20,0x20,0x20,0x20,0x20,0x20,
  0x69,0x64,0x3a,0x20,0x67,0x72,0x69,0x64,0x45,0x6e,0x67,0x69,0x6e,0x65,0xa,0x20,
  0x20,0x20,0x20,0x20,0x20,0x20,0x20,0x20,0x20,0x20,0x20,0x20,0x20,0x20,0x20,0x4c,
  0x61,0x79,0x6f,0x75,0x74,0x2e,0x66,0x69,0x6c,0x6c,0x57,0x69,0x64,0x74,0x68,0x3a,
  0x20,0x74,0x72,0x75,0x65,0xa,0x20,0x20,0x20,0x20,0x20,0x20,0x20,0x20,0x20,0x20,
  0x20,0x20,0x20,0x20,0x20,0x20,0x4c,0x61,0x79,0x6f,0x75,0x74,0x2e,0x66,0x69,0x6c,
  0x6c,0x48,0x65,0x69,0x67,0x68,0x74,0x3a,0x20,0x74,0x72,0x75,0x65,0xa,0x20,0x20,
  0x20,0x20,0x20,0x20,0x20,0x20,0x20,0x20,0x20,0x20,0x7d,0xa,0xa,0x20,0x20,0x20,
  0x20,0x20,0x20,0x20,0x20,0x20,0x20,0x20,0x20,0x2f,0x2f,0x20,0x4d,0x61,0x73,0x74,
  0x65,0x72,0x20,0x73,0x79,0x6e,0x63,0x2d,0x70,0x6c,0x61,0x79,0x62,0x61,0x63,0x6b,
  0x20,0x74,0x69,0x6d,0x65,0x6c,0x69,0x6e,0x65,0x20,0x28,0x62,0x72,0x6f,0x61,0x64,
  0x63,0x61,0x73,0x74,0x73,0x20,0x4e,0x54,0x50,0x20,0x74,0x69,0x6d,0x65,0x73,0x74,
  0x61,0x6d,0x70,0x73,0x29,0xa,0x20,0x20,0x20,0x20,0x20,0x20,0x20,0x20,0x20,0x20,
  0x20,0x20,0x54,0x69,0x6d,0x65,0x6c,0x69,0x6e,0x65,0x42,0x61,0x72,0x20,0x7b,0xa,
  0x20,0x20,0x20,0x20,0x20,0x20,0x20,0x20,0x20,0x20,0x20,0x20,0x20,0x20,0x20,0x20,
  0x4c,0x61,0x79,0x6f,0x75,0x74,0x2e,0x66,0x69,0x6c,0x6c,0x57,0x69,0x64,0x74,0x68,
  0x3a,0x20,0x74,0x72,0x75,0x65,0xa,0x20,0x20,0x20,0x20,0x20,0x20,0x20,0x20,0x20,
  0x20,0x20,0x20,0x20,0x20,0x20,0x20,0x4c,0x61,0x79,0x6f,0x75,0x74,0x2e,0x70,0x72,
  0x65,0x66,0x65,0x72,0x72,0x65,0x64,0x48,0x65,0x69,0x67,0x68,0x74,0x3a,0x20,0x38,
  0x38,0xa,0x20,0x20,0x20,0x20,0x20,0x20,0x20,0x20,0x20,0x20,0x20,0x20,0x7d,0xa,
  0x20,0x20,0x20,0x20,0x20,0x20,0x20,0x20,0x7d,0xa,0x20,0x20,0x20,0x20,0x7d,0xa,
  0x7d,0xa,
    // VideoCell.qml
  0x0,0x0,0x15,0x37,
  0x2f,
  0x2f,0x20,0x3d,0x3d,0x3d,0x3d,0x3d,0x3d,0x3d,0x3d,0x3d,0x3d,0x3d,0x3d,0x3d,0x3d,
  0x3d,0x3d,0x3d,0x3d,0x3d,0x3d,0x3d,0x3d,0x3d,0x3d,0x3d,0x3d,0x3d,0x3d,0x3d,0x3d,
  0x3d,0x3d,0x3d,0x3d,0x3d,0x3d,0x3d,0x3d,0x3d,0x3d,0x3d,0x3d,0x3d,0x3d,0x3d,0x3d,
  0x3d,0x3d,0x3d,0x3d,0x3d,0x3d,0x3d,0x3d,0x3d,0x3d,0x3d,0x3d,0x3d,0x3d,0x3d,0x3d,
  0x3d,0x3d,0x3d,0x3d,0x3d,0x3d,0x3d,0x3d,0x3d,0x3d,0x3d,0x3d,0x3d,0x3d,0x3d,0xa,
  0x2f,0x2f,0x20,0x56,0x69,0x64,0x65,0x6f,0x43,0x65,0x6c,0x6c,0x20,0xe2,0x80,0x94,
  0x20,0x6f,0x6e,0x65,0x20,0x76,0x69,0x64,0x65,0x6f,0x20,0x73,0x75,0x72,0x66,0x61,
  0x63,0x65,0x20,0x69,0x6e,0x73,0x69,0x64,0x65,0x20,0x74,0x68,0x65,0x20,0x67,0x72,
  0x69,0x64,0x20,0x65,0x6e,0x67,0x69,0x6e,0x65,0x2e,0xa,0x2f,0x2f,0xa,0x2f,0x2f,
  0x20,0x2d,0x20,0x56,0x69,0x64,0x65,0x6f,0x4f,0x75,0x74,0x70,0x75,0x74,0x20,0x72,
  0x65,0x6e,0x64,0x65,0x72,0x73,0x20,0x64,0x65,0x63,0x6f,0x64,0x65,0x72,0x20,0x66,
  0x72,0x61,0x6d,0x65,0x73,0x20,0x61,0x73,0x20,0x51,0x53,0x47,0x54,0x65,0x78,0x74,
  0x75,0x72,0x65,0x20,0x6f,0x6e,0x20,0x74,0x68,0x65,0x20,0x52,0x48,0x49,0x20,0x73,
  0x63,0x65,0x6e,0x65,0x20,0x67,0x72,0x61,0x70,0x68,0x2e,0xa,0x2f,0x2f,0x20,0x2d,
  0x20,0x41,0x64,0x61,0x70,0x74,0x69,0x76,0x65,0x20,0x70,0x72,0x6f,0x66,0x69,0x6c,
  0x65,0x3a,0x20,0x73,0x75,0x62,0x2f,0x6d,0x69,0x64,0x20,0x73,0x65,0x6c,0x65,0x63,
  0x74,0x65,0x64,0x20,0x62,0x79,0x20,0x63,0x65,0x6c,0x6c,0x20,0x73,0x69,0x7a,0x65,
  0x3b,0x20,0x64,0x6f,0x75,0x62,0x6c,0x65,0x2d,0x63,0x6c,0x69,0x63,0x6b,0x20,0x67,
  0x6f,0x65,0x73,0xa,0x2f,0x2f,0x20,0x20,0x20,0x66,0x75,0x6c,0x6c,0x73,0x63,0x72,
  0x65,0x65,0x6e,0x20,0x61,0x6e,0x64,0x20,0x73,0x77,0x69,0x74,0x63,0x68,0x65,0x73,
  0x20,0x74,0x6f,0x20,0x74,0x68,0x65,0x20,0x34,0x4b,0x20,0x6d,0x61,0x69,0x6e,0x20,
  0x73,0x74,0x72,0x65,0x61,0x6d,0x20,0x76,0x69,0x61,0x20,0x49,0x2d,0x66,0x72,0x61,
  0x6d,0x65,0x20,0x61,0x6c,0x69,0x67,0x6e,0x6d,0x65,0x6e,0x74,0x2e,0xa,0x2f,0x2f,
  0x20,0x2d,0x20,0x53,0x68,0x61,0x6d,0x73,0x69,0x20,0x74,0x69,0x6d,0x65,0x73,0x74,
  0x61,0x6d,0x70,0x20,0x6f,0x76,0x65,0x72,0x6c,0x61,0x79,0x20,0x28,0x55,0x54,0x43,
  0x20,0x69,0x6e,0x74,0x65,0x72,0x6e,0x61,0x6c,0x6c,0x79,0x2c,0x20,0x53,0x68,0x61,
  0x6d,0x73,0x69,0x20,0x61,0x74,0x20,0x74,0x68,0x65,0x20,0x65,0x64,0x67,0x65,0x29,
  0x2e,0xa,0x2f,0x2f,0x20,0x2d,0x20,0x50,0x69,0x50,0x3a,0x20,0x6c,0x6f,0x6e,0x67,
  0x2d,0x70,0x72,0x65,0x73,0x73,0x20,0x6f,0x70,0x65,0x6e,0x73,0x20,0x61,0x6e,0x20,
  0x69,0x6e,0x64,0x65,0x70,0x65,0x6e,0x64,0x65,0x6e,0x74,0x20,0x61,0x72,0x63,0x68,
  0x69,0x76,0x65,0x20,0x72,0x65,0x76,0x69,0x65,0x77,0x20,0x77,0x6f,0x72,0x6b,0x65,
  0x72,0x20,0x69,0x6e,0x20,0x61,0x20,0x63,0x6f,0x72,0x6e,0x65,0x72,0xa,0x2f,0x2f,
  0x20,0x20,0x20,0x77,0x69,0x6e,0x64,0x6f,0x77,0x20,0x77,0x68,0x69,0x6c,0x65,0x20,
  0x74,0x68,0x65,0x20,0x6c,0x69,0x76,0x65,0x20,0x73,0x74,0x72,0x65,0x61,0x6d,0x20,
  0x63,0x6f,0x6e,0x74,0x69,0x6e,0x75,0x65,0x73,0x20,0x75,0x6e,0x64,0x65,0x72,0x6e,
  0x65,0x61,0x74,0x68,0x2e,0xa,0x2f,0x2f,0x20,0x3d,0x3d,0x3d,0x3d,0x3d,0x3d,0x3d,
  0x3d,0x3d,0x3d,0x3d,0x3d,0x3d,0x3d,0x3d,0x3d,0x3d,0x3d,0x3d,0x3d,0x3d,0x3d,0x3d,
  0x3d,0x3d,0x3d,0x3d,0x3d,0x3d,0x3d,0x3d,0x3d,0x3d,0x3d,0x3d,0x3d,0x3d,0x3d,0x3d,
  0x3d,0x3d,0x3d,0x3d,0x3d,0x3d,0x3d,0x3d,0x3d,0x3d,0x3d,0x3d,0x3d,0x3d,0x3d,0x3d,
  0x3d,0x3d,0x3d,0x3d,0x3d,0x3d,0x3d,0x3d,0x3d,0x3d,0x3d,0x3d,0x3d,0x3d,0x3d,0x3d,
  0x3d,0x3d,0x3d,0x3d,0x3d,0x3d,0xa,0x69,0x6d,0x70,0x6f,0x72,0x74,0x20,0x51,0x74,
  0x51,0x75,0x69,0x63,0x6b,0xa,0x69,0x6d,0x70,0x6f,0x72,0x74,0x20,0x51,0x74,0x51,
  0x75,0x69,0x63,0x6b,0x2e,0x43,0x6f,0x6e,0x74,0x72,0x6f,0x6c,0x73,0xa,0x69,0x6d,
  0x70,0x6f,0x72,0x74,0x20,0x51,0x74,0x4d,0x75,0x6c,0x74,0x69,0x6d,0x65,0x64,0x69,
  0x61,0xa,0x69,0x6d,0x70,0x6f,0x72,0x74,0x20,0x56,0x6d,0x73,0x2e,0x43,0x6c,0x69,
  0x65,0x6e,0x74,0xa,0xa,0x49,0x74,0x65,0x6d,0x20,0x7b,0xa,0x20,0x20,0x20,0x20,
  0x69,0x64,0x3a,0x20,0x63,0x65,0x6c,0x6c,0xa,0xa,0x20,0x20,0x20,0x20,0x2f,0x2f,
  0x20,0x53,0x65,0x74,0x20,0x62,0x79,0x20,0x47,0x72,0x69,0x64,0x45,0x6e,0x67,0x69,
  0x6e,0x65,0x27,0x73,0x20,0x4c,0x6f,0x61,0x64,0x65,0x72,0x2e,0xa,0x20,0x20,0x20,
  0x20,0x70,0x72,0x6f,0x70,0x65,0x72,0x74,0x79,0x20,0x73,0x74,0x72,0x69,0x6e,0x67,
  0x20,0x63,0x61,0x6d,0x65,0x72,0x61,0x55,0x75,0x69,0x64,0x3a,0x20,0x22,0x22,0xa,
  0x20,0x20,0x20,0x20,0x70,0x72,0x6f,0x70,0x65,0x72,0x74,0x79,0x20,0x73,0x74,0x72,
  0x69,0x6e,0x67,0x20,0x70,0x72,0x65,0x66,0x65,0x72,0x72,0x65,0x64,0x50,0x72,0x6f,
  0x66,0x69,0x6c,0x65,0x3a,0x20,0x22,0x73,0x75,0x62,0x22,0xa,0x20,0x20,0x20,0x20,
  0x70,0x72,0x6f,0x70,0x65,0x72,0x74,0x79,0x20,0x69,0x6e,0x74,0x20,0x63,0x65,0x6c,
  0x6c,0x49,0x6e,0x64,0x65,0x78,0x3a,0x20,0x2d,0x31,0xa,0x20,0x20,0x20,0x20,0x70,
  0x72,0x6f,0x70,0x65,0x72,0x74,0x79,0x20,0x62,0x6f,0x6f,0x6c,0x20,0x66,0x75,0x6c,
  0x6c,0x73,0x63,0x72,0x65,0x65,0x6e,0x3a,0x20,0x66,0x61,0x6c,0x73,0x65,0xa,0xa,
  0x20,0x20,0x20,0x20,0x2f,0x2f,0x20,0x4c,0x61,0x73,0x74,0x20,0x70,0x72,0x65,0x73,
  0x65,0x6e,0x74,0x65,0x64,0x20,0x66,0x72,0x61,0x6d,0x65,0x27,0x73,0x20,0x4e,0x54,
  0x50,0x20,0x74,0x69,0x6d,0x65,0x73,0x74,0x61,0x6d,0x70,0x20,0x28,0x66,0x6f,0x72,
  0x20,0x74,0x68,0x65,0x20,0x53,0x68,0x61,0x6d,0x73,0x69,0x20,0x6f,0x76,0x65,0x72,
  0x6c,0x61,0x79,0x29,0x2e,0xa,0x20,0x20,0x20,0x20,0x70,0x72,0x6f,0x70,0x65,0x72,
  0x74,0x79,0x20,0x76,0x61,0x72,0x20,0x6c,0x61,0x73,0x74,0x46,0x72,0x61,0x6d,0x65,
  0x55,0x74,0x63,0x55,0x73,0x3a,0x20,0x30,0xa,0xa,0x20,0x20,0x20,0x20,0x6f,0x6e,
  0x43,0x61,0x6d,0x65,0x72,0x61,0x55,0x75,0x69,0x64,0x43,0x68,0x61,0x6e,0x67,0x65,
  0x64,0x3a,0x20,0x72,0x65,0x61,0x74,0x74,0x61,0x63,0x68,0x28,0x29,0xa,0x20,0x20,
  0x20,0x20,0x6f,0x6e,0x43,0x65,0x6c,0x6c,0x49,0x6e,0x64,0x65,0x78,0x43,0x68,0x61,
  0x6e,0x67,0x65,0x64,0x3a,0x20,0x72,0x65,0x61,0x74,0x74,0x61,0x63,0x68,0x28,0x29,
  0xa,0x20,0x20,0x20,0x20,0x6f,0x6e,0x50,0x72,0x65,0x66,0x65,0x72,0x72,0x65,0x64,
  0x50,0x72,0x6f,0x66,0x69,0x6c,0x65,0x43,0x68,0x61,0x6e,0x67,0x65,0x64,0x3a,0xa,
  0x20,0x20,0x20,0x20,0x20,0x20,0x20,0x20,0x69,0x66,0x20,0x28,0x63,0x65,0x6c,0x6c,
  0x49,0x6e,0x64,0x65,0x78,0x20,0x3e,0x3d,0x20,0x30,0x20,0x26,0x26,0x20,0x63,0x61,
  0x6d,0x65,0x72,0x61,0x55,0x75,0x69,0x64,0x2e,0x6c,0x65,0x6e,0x67,0x74,0x68,0x20,
  0x3e,0x20,0x30,0x29,0xa,0x20,0x20,0x20,0x20,0x20,0x20,0x20,0x20,0x20,0x20,0x20,
  0x20,0x73,0x74,0x72,0x65,0x61,0x6d,0x43,0x6f,0x6e,0x74,0x72,0x6f,0x6c,0x6c,0x65,
  0x72,0x2e,0x73,0x77,0x69,0x74,0x63,0x68,0x50,0x72,0x6f,0x66,0x69,0x6c,0x65,0x28,
  0x63,0x65,0x6c,0x6c,0x49,0x6e,0x64,0x65,0x78,0x2c,0x20,0x70,0x72,0x65,0x66,0x65,
  0x72,0x72,0x65,0x64,0x50,0x72,0x6f,0x66,0x69,0x6c,0x65,0x29,0xa,0xa,0x20,0x20,
  0x20,0x20,0x66,0x75,0x6e,0x63,0x74,0x69,0x6f,0x6e,0x20,0x72,0x65,0x61,0x74,0x74,
  0x61,0x63,0x68,0x28,0x29,0x20,0x7b,0xa,0x20,0x20,0x20,0x20,0x20,0x20,0x20,0x20,
  0x2f,0x2f,0x20,0x4e,0x65,0x76,0x65,0x72,0x20,0x61,0x74,0x74,0x61,0x63,0x68,0x20,
  0x77,0x69,0x74,0x68,0x20,0x61,0x6e,0x20,0x75,0x6e,0x73,0x65,0x74,0x20,0x69,0x6e,
  0x64,0x65,0x78,0x3a,0x20,0x63,0x65,0x6c,0x6c,0x49,0x6e,0x64,0x65,0x78,0x20,0x6b,
  0x65,0x79,0x73,0x20,0x74,0x68,0x65,0x20,0x64,0x65,0x63,0x6f,0x64,0x65,0x72,0x20,
  0x73,0x65,0x73,0x73,0x69,0x6f,0x6e,0xa,0x20,0x20,0x20,0x20,0x20,0x20,0x20,0x20,
  0x2f,0x2f,0x20,0x69,0x6e,0x20,0x53,0x74,0x72,0x65,0x61,0x6d,0x43,0x6f,0x6e,0x74,
  0x72,0x6f,0x6c,0x6c,0x65,0x72,0x3b,0x20,0x2d,0x31,0x20,0x77,0x6f,0x75,0x6c,0x64,
  0x20,0x6d,0x61,0x6b,0x65,0x20,0x65,0x76,0x65,0x72,0x79,0x20,0x63,0x65,0x6c,0x6c,
  0x20,0x73,0x68,0x61,0x72,0x65,0x20,0x6f,0x6e,0x65,0x20,0x64,0x65,0x63,0x6f,0x64,
  0x65,0x72,0x2e,0xa,0x20,0x20,0x20,0x20,0x20,0x20,0x20,0x20,0x69,0x66,0x20,0x28,
  0x63,0x65,0x6c,0x6c,0x49,0x6e,0x64,0x65,0x78,0x20,0x3e,0x3d,0x20,0x30,0x20,0x26,
  0x26,0x20,0x63,0x61,0x6d,0x65,0x72,0x61,0x55,0x75,0x69,0x64,0x2e,0x6c,0x65,0x6e,
  0x67,0x74,0x68,0x20,0x3e,0x20,0x30,0x29,0xa,0x20,0x20,0x20,0x20,0x20,0x20,0x20,
  0x20,0x20,0x20,0x20,0x20,0x73,0x74,0x72,0x65,0x61,0x6d,0x43,0x6f,0x6e,0x74,0x72,
  0x6f,0x6c,0x6c,0x65,0x72,0x2e,0x61,0x74,0x74,0x61,0x63,0x68,0x4c,0x69,0x76,0x65,
  0x28,0x63,0x65,0x6c,0x6c,0x49,0x6e,0x64,0x65,0x78,0x2c,0x20,0x63,0x61,0x6d,0x65,
  0x72,0x61,0x55,0x75,0x69,0x64,0x2c,0xa,0x20,0x20,0x20,0x20,0x20,0x20,0x20,0x20,
  0x20,0x20,0x20,0x20,0x20,0x20,0x20,0x20,0x20,0x20,0x20,0x20,0x20,0x20,0x20,0x20,
  0x20,0x20,0x20,0x20,0x20,0x20,0x20,0x20,0x20,0x20,0x20,0x20,0x20,0x20,0x20,0x20,
  0x70,0x72,0x65,0x66,0x65,0x72,0x72,0x65,0x64,0x50,0x72,0x6f,0x66,0x69,0x6c,0x65,
  0x2c,0x20,0x76,0x69,0x64,0x65,0x6f,0x4f,0x75,0x74,0x70,0x75,0x74,0x2e,0x76,0x69,
  0x64,0x65,0x6f,0x53,0x69,0x6e,0x6b,0x29,0xa,0x20,0x20,0x20,0x20,0x7d,0xa,0xa,
  0x20,0x20,0x20,0x20,0x43,0x6f,0x6e,0x6e,0x65,0x63,0x74,0x69,0x6f,0x6e,0x73,0x20,
  0x7b,0xa,0x20,0x20,0x20,0x20,0x20,0x20,0x20,0x20,0x74,0x61,0x72,0x67,0x65,0x74,
  0x3a,0x20,0x73,0x74,0x72,0x65,0x61,0x6d,0x43,0x6f,0x6e,0x74,0x72,0x6f,0x6c,0x6c,
  0x65,0x72,0xa,0x20,0x20,0x20,0x20,0x20,0x20,0x20,0x20,0x66,0x75,0x6e,0x63,0x74,
  0x69,0x6f,0x6e,0x20,0x6f,0x6e,0x43,0x65,0x6c,0x6c,0x46,0x72,0x61,0x6d,0x65,0x50,
  0x72,0x65,0x73,0x65,0x6e,0x74,0x65,0x64,0x28,0x69,0x64,0x78,0x2c,0x20,0x75,0x74,
  0x63,0x55,0x73,0x29,0x20,0x7b,0xa,0x20,0x20,0x20,0x20,0x20,0x20,0x20,0x20,0x20,
  0x20,0x20,0x20,0x69,0x66,0x20,0x28,0x69,0x64,0x78,0x20,0x3d,0x3d,0x3d,0x20,0x63,
  0x65,0x6c,0x6c,0x2e,0x63,0x65,0x6c,0x6c,0x49,0x6e,0x64,0x65,0x78,0x29,0xa,0x20,
  0x20,0x20,0x20,0x20,0x20,0x20,0x20,0x20,0x20,0x20,0x20,0x20,0x20,0x20,0x20,0x63,
  0x65,0x6c,0x6c,0x2e,0x6c,0x61,0x73,0x74,0x46,0x72,0x61,0x6d,0x65,0x55,0x74,0x63,
  0x55,0x73,0x20,0x3d,0x20,0x75,0x74,0x63,0x55,0x73,0xa,0x20,0x20,0x20,0x20,0x20,
  0x20,0x20,0x20,0x7d,0xa,0x20,0x20,0x20,0x20,0x7d,0xa,0xa,0x20,0x20,0x20,0x20,
  0x56,0x69,0x64,0x65,0x6f,0x4f,0x75,0x74,0x70,0x75,0x74,0x20,0x7b,0xa,0x20,0x20,
  0x20,0x20,0x20,0x20,0x20,0x20,0x69,0x64,0x3a,0x20,0x76,0x69,0x64,0x65,0x6f,0x4f,
  0x75,0x74,0x70,0x75,0x74,0xa,0x20,0x20,0x20,0x20,0x20,0x20,0x20,0x20,0x61,0x6e,
  0x63,0x68,0x6f,0x72,0x73,0x2e,0x66,0x69,0x6c,0x6c,0x3a,0x20,0x70,0x61,0x72,0x65,
  0x6e,0x74,0xa,0x20,0x20,0x20,0x20,0x20,0x20,0x20,0x20,0x66,0x69,0x6c,0x6c,0x4d,
  0x6f,0x64,0x65,0x3a,0x20,0x56,0x69,0x64,0x65,0x6f,0x4f,0x75,0x74,0x70,0x75,0x74,
  0x2e,0x50,0x72,0x65,0x73,0x65,0x72,0x76,0x65,0x41,0x73,0x70,0x65,0x63,0x74,0x46,
  0x69,0x74,0xa,0x20,0x20,0x20,0x20,0x7d,0xa,0xa,0x20,0x20,0x20,0x20,0x2f,0x2f,
  0x20,0x2d,0x2d,0x2d,0x20,0x53,0x68,0x61,0x6d,0x73,0x69,0x20,0x74,0x69,0x6d,0x65,
  0x73,0x74,0x61,0x6d,0x70,0x20,0x6f,0x76,0x65,0x72,0x6c,0x61,0x79,0x20,0x28,0x62,
  0x6f,0x74,0x74,0x6f,0x6d,0x2d,0x72,0x69,0x67,0x68,0x74,0x20,0x69,0x6e,0x20,0x52,
  0x54,0x4c,0x20,0x63,0x6f,0x6e,0x74,0x65,0x78,0x74,0x29,0x20,0x2d,0x2d,0x2d,0x2d,
  0x2d,0x2d,0x2d,0x2d,0x2d,0x2d,0x2d,0x2d,0x2d,0x2d,0xa,0x20,0x20,0x20,0x20,0x52,
  0x65,0x63,0x74,0x61,0x6e,0x67,0x6c,0x65,0x20,0x7b,0xa,0x20,0x20,0x20,0x20,0x20,
  0x20,0x20,0x20,0x61,0x6e,0x63,0x68,0x6f,0x72,0x73,0x2e,0x62,0x6f,0x74,0x74,0x6f,
  0x6d,0x3a,0x20,0x70,0x61,0x72,0x65,0x6e,0x74,0x2e,0x62,0x6f,0x74,0x74,0x6f,0x6d,
  0xa,0x20,0x20,0x20,0x20,0x20,0x20,0x20,0x20,0x61,0x6e,0x63,0x68,0x6f,0x72,0x73,
  0x2e,0x72,0x69,0x67,0x68,0x74,0x3a,0x20,0x70,0x61,0x72,0x65,0x6e,0x74,0x2e,0x72,
  0x69,0x67,0x68,0x74,0xa,0x20,0x20,0x20,0x20,0x20,0x20,0x20,0x20,0x61,0x6e,0x63,
  0x68,0x6f,0x72,0x73,0x2e,0x6d,0x61,0x72,0x67,0x69,0x6e,0x73,0x3a,0x20,0x36,0xa,
  0x20,0x20,0x20,0x20,0x20,0x20,0x20,0x20,0x63,0x6f,0x6c,0x6f,0x72,0x3a,0x20,0x22,
  0x23,0x30,0x30,0x30,0x30,0x30,0x30,0x22,0xa,0x20,0x20,0x20,0x20,0x20,0x20,0x20,
  0x20,0x6f,0x70,0x61,0x63,0x69,0x74,0x79,0x3a,0x20,0x30,0x2e,0x36,0x35,0xa,0x20,
  0x20,0x20,0x20,0x20,0x20,0x20,0x20,0x72,0x61,0x64,0x69,0x75,0x73,0x3a,0x20,0x33,
  0xa,0x20,0x20,0x20,0x20,0x20,0x20,0x20,0x20,0x77,0x69,0x64,0x74,0x68,0x3a,0x20,
  0x6f,0x76,0x65,0x72,0x6c,0x61,0x79,0x4c,0x61,0x62,0x65,0x6c,0x2e,0x69,0x6d,0x70,
  0x6c,0x69,0x63,0x69,0x74,0x57,0x69,0x64,0x74,0x68,0x20,0x2b,0x20,0x31,0x32,0xa,
  0x20,0x20,0x20,0x20,0x20,0x20,0x20,0x20,0x68,0x65,0x69,0x67,0x68,0x74,0x3a,0x20,
  0x6f,0x76,0x65,0x72,0x6c,0x61,0x79,0x4c,0x61,0x62,0x65,0x6c,0x2e,0x69,0x6d,0x70,
  0x6c,0x69,0x63,0x69,0x74,0x48,0x65,0x69,0x67,0x68,0x74,0x20,0x2b,0x20,0x36,0xa,
  0xa,0x20,0x20,0x20,0x20,0x20,0x20,0x20,0x20,0x4c,0x61,0x62,0x65,0x6c,0x20,0x7b,
  0xa,0x20,0x20,0x20,0x20,0x20,0x20,0x20,0x20,0x20,0x20,0x20,0x20,0x69,0x64,0x3a,
  0x20,0x6f,0x76,0x65,0x72,0x6c,0x61,0x79,0x4c,0x61,0x62,0x65,0x6c,0xa,0x20,0x20,
  0x20,0x20,0x20,0x20,0x20,0x20,0x20,0x20,0x20,0x20,0x61,0x6e,0x63,0x68,0x6f,0x72,
  0x73,0x2e,0x63,0x65,0x6e,0x74,0x65,0x72,0x49,0x6e,0x3a,0x20,0x70,0x61,0x72,0x65,
  0x6e,0x74,0xa,0x20,0x20,0x20,0x20,0x20,0x20,0x20,0x20,0x20,0x20,0x20,0x20,0x63,
  0x6f,0x6c,0x6f,0x72,0x3a,0x20,0x22,0x23,0x65,0x35,0x65,0x37,0x65,0x62,0x22,0xa,
  0x20,0x20,0x20,0x20,0x20,0x20,0x20,0x20,0x20,0x20,0x20,0x20,0x66,0x6f,0x6e,0x74,
  0x2e,0x70,0x69,0x78,0x65,0x6c,0x53,0x69,0x7a,0x65,0x3a,0x20,0x31,0x31,0xa,0x20,
  0x20,0x20,0x20,0x20,0x20,0x20,0x20,0x20,0x20,0x20,0x20,0x66,0x6f,0x6e,0x74,0x2e,
  0x66,0x61,0x6d,0x69,0x6c,0x79,0x3a,0x20,0x22,0x56,0x61,0x7a,0x69,0x72,0x6d,0x61,
  0x74,0x6e,0x22,0xa,0x20,0x20,0x20,0x20,0x20,0x20,0x20,0x20,0x20,0x20,0x20,0x20,
  0x74,0x65,0x78,0x74,0x3a,0x20,0x63,0x65,0x6c,0x6c,0x2e,0x6c,0x61,0x73,0x74,0x46,
  0x72,0x61,0x6d,0x65,0x55,0x74,0x63,0x55,0x73,0x20,0x3e,0x20,0x30,0xa,0x20,0x20,
  0x20,0x20,0x20,0x20,0x20,0x20,0x20,0x20,0x20,0x20,0x20,0x20,0x20,0x20,0x20,0x20,
  0x3f,0x20,0x73,0x68,0x61,0x6d,0x73,0x69,0x2e,0x74,0x6f,0x53,0x68,0x61,0x6d,0x73,
  0x69,0x28,0x63,0x65,0x6c,0x6c,0x2e,0x6c,0x61,0x73,0x74,0x46,0x72,0x61,0x6d,0x65,
  0x55,0x74,0x63,0x55,0x73,0x29,0xa,0x20,0x20,0x20,0x20,0x20,0x20,0x20,0x20,0x20,
  0x20,0x20,0x20,0x20,0x20,0x20,0x20,0x20,0x20,0x3a,0x20,0x73,0x68,0x61,0x6d,0x73,
  0x69,0x2e,0x6e,0x6f,0x77,0x53,0x68,0x61,0x6d,0x73,0x69,0x28,0x29,0xa,0x20,0x20,
  0x20,0x20,0x20,0x20,0x20,0x20,0x7d,0xa,0x20,0x20,0x20,0x20,0x7d,0xa,0xa,0x20,
  0x20,0x20,0x20,0x2f,0x2f,0x20,0x2d,0x2d,0x2d,0x20,0x46,0x75,0x6c,0x6c,0x73,0x63,
  0x72,0x65,0x65,0x6e,0x20,0x2f,0x20,0x6d,0x61,0x69,0x6e,0x2d,0x73,0x74,0x72,0x65,
  0x61,0x6d,0x20,0x6f,0x6e,0x20,0x64,0x6f,0x75,0x62,0x6c,0x65,0x2d,0x63,0x6c,0x69,
  0x63,0x6b,0x20,0x2d,0x2d,0x2d,0x2d,0x2d,0x2d,0x2d,0x2d,0x2d,0x2d,0x2d,0x2d,0x2d,
  0x2d,0x2d,0x2d,0x2d,0x2d,0x2d,0x2d,0x2d,0x2d,0x2d,0x2d,0x2d,0x2d,0x2d,0x2d,0x2d,
  0x2d,0xa,0x20,0x20,0x20,0x20,0x54,0x61,0x70,0x48,0x61,0x6e,0x64,0x6c,0x65,0x72,
  0x20,0x7b,0xa,0x20,0x20,0x20,0x20,0x20,0x20,0x20,0x20,0x67,0x65,0x73,0x74,0x75,
  0x72,0x65,0x50,0x6f,0x6c,0x69,0x63,0x79,0x3a,0x20,0x54,0x61,0x70,0x48,0x61,0x6e,
  0x64,0x6c,0x65,0x72,0x2e,0x57,0x69,0x74,0x68,0x69,0x6e,0x42,0x6f,0x75,0x6e,0x64,
  0x73,0xa,0x20,0x20,0x20,0x20,0x20,0x20,0x20,0x20,0x6f,0x6e,0x44,0x6f,0x75,0x62,
  0x6c,0x65,0x54,0x61,0x70,0x70,0x65,0x64,0x3a,0x20,0x7b,0xa,0x20,0x20,0x20,0x20,
  0x20,0x20,0x20,0x20,0x20,0x20,0x20,0x20,0x63,0x65,0x6c,0x6c,0x2e,0x66,0x75,0x6c,
  0x6c,0x73,0x63,0x72,0x65,0x65,0x6e,0x20,0x3d,0x20,0x21,0x63,0x65,0x6c,0x6c,0x2e,
  0x66,0x75,0x6c,0x6c,0x73,0x63,0x72,0x65,0x65,0x6e,0xa,0x20,0x20,0x20,0x20,0x20,
  0x20,0x20,0x20,0x20,0x20,0x20,0x20,0x2f,0x2f,0x20,0x53,0x65,0x61,0x6d,0x6c,0x65,
  0x73,0x73,0x20,0x49,0x2d,0x66,0x72,0x61,0x6d,0x65,0x2d,0x61,0x6c,0x69,0x67,0x6e,
  0x65,0x64,0x20,0x73,0x77,0x69,0x74,0x63,0x68,0x3a,0x20,0x34,0x4b,0x20,0x6d,0x61,
  0x69,0x6e,0x20,0x77,0x68,0x65,0x6e,0x20,0x66,0x75,0x6c,0x6c,0x73,0x63,0x72,0x65,
  0x65,0x6e,0x2c,0xa,0x20,0x20,0x20,0x20,0x20,0x20,0x20,0x20,0x20,0x20,0x20,0x20,
  0x2f,0x2f,0x20,0x62,0x61,0x63,0x6b,0x20,0x74,0x6f,0x20,0x74,0x68,0x65,0x20,0x73,
  0x69,0x7a,0x65,0x2d,0x61,0x70,0x70,0x72,0x6f,0x70,0x72,0x69,0x61,0x74,0x65,0x20,
  0x70,0x72,0x6f,0x66,0x69,0x6c,0x65,0x20,0x77,0x68,0x65,0x6e,0x20,0x72,0x65,0x73,
  0x74,0x6f,0x72,0x65,0x64,0x2e,0xa,0x20,0x20,0x20,0x20,0x20,0x20,0x20,0x20,0x20,
  0x20,0x20,0x20,0x73,0x74,0x72,0x65,0x61,0x6d,0x43,0x6f,0x6e,0x74,0x72,0x6f,0x6c,
  0x6c,0x65,0x72,0x2e,0x73,0x77,0x69,0x74,0x63,0x68,0x50,0x72,0x6f,0x66,0x69,0x6c,
  0x65,0x28,0xa,0x20,0x20,0x20,0x20,0x20,0x20,0x20,0x20,0x20,0x20,0x20,0x20,0x20,
  0x20,0x20,0x20,0x63,0x65,0x6c,0x6c,0x2e,0x63,0x65,0x6c,0x6c,0x49,0x6e,0x64,0x65,
  0x78,0x2c,0xa,0x20,0x20,0x20,0x20,0x20,0x20,0x20,0x20,0x20,0x20,0x20,0x20,0x20,
  0x20,0x20,0x20,0x63,0x65,0x6c,0x6c,0x2e,0x66,0x75,0x6c,0x6c,0x73,0x63,0x72,0x65,
  0x65,0x6e,0x20,0x3f,0x20,0x22,0x6d,0x61,0x69,0x6e,0x22,0x20,0x3a,0x20,0x63,0x65,
  0x6c,0x6c,0x2e,0x70,0x72,0x65,0x66,0x65,0x72,0x72,0x65,0x64,0x50,0x72,0x6f,0x66,
  0x69,0x6c,0x65,0x29,0xa,0x20,0x20,0x20,0x20,0x20,0x20,0x20,0x20,0x7d,0xa,0x20,
  0x20,0x20,0x20,0x20,0x20,0x20,0x20,0x6f,0x6e,0x4c,0x6f,0x6e,0x67,0x50,0x72,0x65,
  0x73,0x73,0x65,0x64,0x3a,0x20,0x70,0x69,0x70,0x50,0x6f,0x70,0x75,0x70,0x2e,0x6f,
  0x70,0x65,0x6e,0x41,0x74,0x28,0x73,0x79,0x6e,0x63,0x50,0x6c,0x61,0x79,0x62,0x61,
  0x63,0x6b,0x2e,0x70,0x6f,0x73,0x69,0x74,0x69,0x6f,0x6e,0x55,0x74,0x63,0x55,0x73,
  0x29,0xa,0x20,0x20,0x20,0x20,0x7d,0xa,0xa,0x20,0x20,0x20,0x20,0x2f,0x2f,0x20,
  0x2d,0x2d,0x2d,0x20,0x50,0x69,0x63,0x74,0x75,0x72,0x65,0x2d,0x69,0x6e,0x2d,0x50,
  0x69,0x63,0x74,0x75,0x72,0x65,0x3a,0x20,0x69,0x6e,0x64,0x65,0x70,0x65,0x6e,0x64,
  0x65,0x6e,0x74,0x20,0x61,0x72,0x63,0x68,0x69,0x76,0x65,0x20,0x72,0x65,0x76,0x69,
  0x65,0x77,0x20,0x77,0x6f,0x72,0x6b,0x65,0x72,0x20,0x2d,0x2d,0x2d,0x2d,0x2d,0x2d,
  0x2d,0x2d,0x2d,0x2d,0x2d,0x2d,0x2d,0x2d,0x2d,0x2d,0x2d,0xa,0x20,0x20,0x20,0x20,
  0x50,0x69,0x70,0x57,0x6f,0x72,0x6b,0x65,0x72,0x20,0x7b,0x20,0x69,0x64,0x3a,0x20,
  0x70,0x69,0x70,0x57,0x6f,0x72,0x6b,0x65,0x72,0x20,0x7d,0xa,0xa,0x20,0x20,0x20,
  0x20,0x52,0x65,0x63,0x74,0x61,0x6e,0x67,0x6c,0x65,0x20,0x7b,0xa,0x20,0x20,0x20,
  0x20,0x20,0x20,0x20,0x20,0x69,0x64,0x3a,0x20,0x70,0x69,0x70,0x50,0x6f,0x70,0x75,
  0x70,0xa,0x20,0x20,0x20,0x20,0x20,0x20,0x20,0x20,0x76,0x69,0x73,0x69,0x62,0x6c,
  0x65,0x3a,0x20,0x70,0x69,0x70,0x57,0x6f,0x72,0x6b,0x65,0x72,0x2e,0x61,0x63,0x74,
  0x69,0x76,0x65,0xa,0x20,0x20,0x20,0x20,0x20,0x20,0x20,0x20,0x77,0x69,0x64,0x74,
  0x68,0x3a,0x20,0x4d,0x61,0x74,0x68,0x2e,0x6d,0x61,0x78,0x28,0x70,0x61,0x72,0x65,
  0x6e,0x74,0x2e,0x77,0x69,0x64,0x74,0x68,0x20,0x2a,0x20,0x30,0x2e,0x33,0x35,0x2c,
  0x20,0x32,0x32,0x30,0x29,0xa,0x20,0x20,0x20,0x20,0x20,0x20,0x20,0x20,0x68,0x65,
  0x69,0x67,0x68,0x74,0x3a,0x20,0x77,0x69,0x64,0x74,0x68,0x20,0x2a,0x20,0x39,0x20,
  0x2f,0x20,0x31,0x36,0x20,0x2b,0x20,0x32,0x38,0xa,0x20,0x20,0x20,0x20,0x20,0x20,
  0x20,0x20,0x61,0x6e,0x63,0x68,0x6f,0x72,0x73,0x2e,0x74,0x6f,0x70,0x3a,0x20,0x70,
  0x61,0x72,0x65,0x6e,0x74,0x2e,0x74,0x6f,0x70,0xa,0x20,0x20,0x20,0x20,0x20,0x20,
  0x20,0x20,0x61,0x6e,0x63,0x68,0x6f,0x72,0x73,0x2e,0x6c,0x65,0x66,0x74,0x3a,0x20,
  0x70,0x61,0x72,0x65,0x6e,0x74,0x2e,0x6c,0x65,0x66,0x74,0xa,0x20,0x20,0x20,0x20,
  0x20,0x20,0x20,0x20,0x61,0x6e,0x63,0x68,0x6f,0x72,0x73,0x2e,0x6d,0x61,0x72,0x67,
  0x69,0x6e,0x73,0x3a,0x20,0x38,0xa,0x20,0x20,0x20,0x20,0x20,0x20,0x20,0x20,0x63,
  0x6f,0x6c,0x6f,0x72,0x3a,0x20,0x22,0x23,0x30,0x62,0x30,0x65,0x31,0x32,0x22,0xa,
  0x20,0x20,0x20,0x20,0x20,0x20,0x20,0x20,0x62,0x6f,0x72,0x64,0x65,0x72,0x2e,0x63,
  0x6f,0x6c,0x6f,0x72,0x3a,0x20,0x22,0x23,0x32,0x66,0x38,0x31,0x66,0x37,0x22,0xa,
  0x20,0x20,0x20,0x20,0x20,0x20,0x20,0x20,0x62,0x6f,0x72,0x64,0x65,0x72,0x2e,0x77,
  0x69,0x64,0x74,0x68,0x3a,0x20,0x31,0xa,0x20,0x20,0x20,0x20,0x20,0x20,0x20,0x20,
  0x72,0x61,0x64,0x69,0x75,0x73,0x3a,0x20,0x34,0xa,0x20,0x20,0x20,0x20,0x20,0x20,
  0x20,0x20,0x7a,0x3a,0x20,0x31,0x30,0xa,0xa,0x20,0x20,0x20,0x20,0x20,0x20,0x20,
  0x20,0x66,0x75,0x6e,0x63,0x74,0x69,0x6f,0x6e,0x20,0x6f,0x70,0x65,0x6e,0x41,0x74,
  0x28,0x75,0x74,0x63,0x55,0x73,0x29,0x20,0x7b,0xa,0x20,0x20,0x20,0x20,0x20,0x20,
  0x20,0x20,0x20,0x20,0x20,0x20,0x2f,0x2f,0x20,0x44,0x65,0x66,0x61,0x75,0x6c,0x74,
  0x20,0x72,0x65,0x76,0x69,0x65,0x77,0x20,0x73,0x74,0x61,0x72,0x74,0x3a,0x20,0x6f,
  0x6e,0x65,0x20,0x6d,0x69,0x6e,0x75,0x74,0x65,0x20,0x62,0x65,0x66,0x6f,0x72,0x65,
  0x20,0x22,0x6e,0x6f,0x77,0x22,0x2f,0x63,0x75,0x72,0x72,0x65,0x6e,0x74,0x20,0x70,
  0x6f,0x73,0x69,0x74,0x69,0x6f,0x6e,0x2e,0xa,0x20,0x20,0x20,0x20,0x20,0x20,0x20,
  0x20,0x20,0x20,0x20,0x20,0x76,0x61,0x72,0x20,0x73,0x74,0x61,0x72,0x74,0x20,0x3d,
  0x20,0x75,0x74,0x63,0x55,0x73,0x20,0x3e,0x20,0x36,0x30,0x30,0x30,0x30,0x30,0x30,
  0x30,0x20,0x3f,0x20,0x75,0x74,0x63,0x55,0x73,0x20,0x2d,0x20,0x36,0x30,0x30,0x30,
  0x30,0x30,0x30,0x30,0x20,0x3a,0x20,0x75,0x74,0x63,0x55,0x73,0xa,0x20,0x20,0x20,
  0x20,0x20,0x20,0x20,0x20,0x20,0x20,0x20,0x20,0x70,0x69,0x70,0x57,0x6f,0x72,0x6b,
  0x65,0x72,0x2e,0x6f,0x70,0x65,0x6e,0x28,0x63,0x65,0x6c,0x6c,0x2e,0x63,0x61,0x6d,
  0x65,0x72,0x61,0x55,0x75,0x69,0x64,0x2c,0x20,0x73,0x74,0x61,0x72,0x74,0x2c,0x20,
  0x70,0x69,0x70,0x56,0x69,0x64,0x65,0x6f,0x2e,0x76,0x69,0x64,0x65,0x6f,0x53,0x69,
  0x6e,0x6b,0x29,0xa,0x20,0x20,0x20,0x20,0x20,0x20,0x20,0x20,0x7d,0xa,0xa,0x20,
  0x20,0x20,0x20,0x20,0x20,0x20,0x20,0x43,0x6f,0x6c,0x75,0x6d,0x6e,0x20,0x7b,0xa,
  0x20,0x20,0x20,0x20,0x20,0x20,0x20,0x20,0x20,0x20,0x20,0x20,0x61,0x6e,0x63,0x68,
  0x6f,0x72,0x73,0x2e,0x66,0x69,0x6c,0x6c,0x3a,0x20,0x70,0x61,0x72,0x65,0x6e,0x74,
  0xa,0x20,0x20,0x20,0x20,0x20,0x20,0x20,0x20,0x20,0x20,0x20,0x20,0x61,0x6e,0x63,
  0x68,0x6f,0x72,0x73,0x2e,0x6d,0x61,0x72,0x67,0x69,0x6e,0x73,0x3a,0x20,0x32,0xa,
  0xa,0x20,0x20,0x20,0x20,0x20,0x20,0x20,0x20,0x20,0x20,0x20,0x20,0x52,0x6f,0x77,
  0x20,0x7b,0xa,0x20,0x20,0x20,0x20,0x20,0x20,0x20,0x20,0x20,0x20,0x20,0x20,0x20,
  0x20,0x20,0x20,0x77,0x69,0x64,0x74,0x68,0x3a,0x20,0x70,0x61,0x72,0x65,0x6e,0x74,
  0x2e,0x77,0x69,0x64,0x74,0x68,0xa,0x20,0x20,0x20,0x20,0x20,0x20,0x20,0x20,0x20,
  0x20,0x20,0x20,0x20,0x20,0x20,0x20,0x68,0x65,0x69,0x67,0x68,0x74,0x3a,0x20,0x32,
  0x34,0xa,0x20,0x20,0x20,0x20,0x20,0x20,0x20,0x20,0x20,0x20,0x20,0x20,0x20,0x20,
  0x20,0x20,0x73,0x70,0x61,0x63,0x69,0x6e,0x67,0x3a,0x20,0x34,0xa,0x20,0x20,0x20,
  0x20,0x20,0x20,0x20,0x20,0x20,0x20,0x20,0x20,0x20,0x20,0x20,0x20,0x6c,0x61,0x79,
  0x6f,0x75,0x74,0x44,0x69,0x72,0x65,0x63,0x74,0x69,0x6f,0x6e,0x3a,0x20,0x51,0x74,
  0x2e,0x52,0x69,0x67,0x68,0x74,0x54,0x6f,0x4c,0x65,0x66,0x74,0xa,0xa,0x20,0x20,
  0x20,0x20,0x20,0x20,0x20,0x20,0x20,0x20,0x20,0x20,0x20,0x20,0x20,0x20,0x4c,0x61,
  0x62,0x65,0x6c,0x20,0x7b,0xa,0x20,0x20,0x20,0x20,0x20,0x20,0x20,0x20,0x20,0x20,
  0x20,0x20,0x20,0x20,0x20,0x20,0x20,0x20,0x20,0x20,0x74,0x65,0x78,0x74,0x3a,0x20,
  0x22,0xd8,0xa8,0xd8,0xa7,0xd8,0xb2,0xd8,0xa8,0xdb,0x8c,0xd9,0x86,0xdb,0x8c,0x22,
  0xa,0x20,0x20,0x20,0x20,0x20,0x20,0x20,0x20,0x20,0x20,0x20,0x20,0x20,0x20,0x20,
  0x20,0x20,0x20,0x20,0x20,0x63,0x6f,0x6c,0x6f,0x72,0x3a,0x20,0x22,0x23,0x39,0x63,
  0x61,0x33,0x61,0x66,0x22,0xa,0x20,0x20,0x20,0x20,0x20,0x20,0x20,0x20,0x20,0x20,
  0x20,0x20,0x20,0x20,0x20,0x20,0x20,0x20,0x20,0x20,0x66,0x6f,0x6e,0x74,0x2e,0x70,
  0x69,0x78,0x65,0x6c,0x53,0x69,0x7a,0x65,0x3a,0x20,0x31,0x31,0xa,0x20,0x20,0x20,
  0x20,0x20,0x20,0x20,0x20,0x20,0x20,0x20,0x20,0x20,0x20,0x20,0x20,0x20,0x20,0x20,
  0x20,0x61,0x6e,0x63,0x68,0x6f,0x72,0x73,0x2e,0x76,0x65,0x72,0x74,0x69,0x63,0x61,
  0x6c,0x43,0x65,0x6e,0x74,0x65,0x72,0x3a,0x20,0x70,0x61,0x72,0x65,0x6e,0x74,0x2e,
  0x76,0x65,0x72,0x74,0x69,0x63,0x61,0x6c,0x43,0x65,0x6e,0x74,0x65,0x72,0xa,0x20,
  0x20,0x20,0x20,0x20,0x20,0x20,0x20,0x20,0x20,0x20,0x20,0x20,0x20,0x20,0x20,0x7d,
  0xa,0x20,0x20,0x20,0x20,0x20,0x20,0x20,0x20,0x20,0x20,0x20,0x20,0x20,0x20,0x20,
  0x20,0x4c,0x61,0x62,0x65,0x6c,0x20,0x7b,0xa,0x20,0x20,0x20,0x20,0x20,0x20,0x20,
  0x20,0x20,0x20,0x20,0x20,0x20,0x20,0x20,0x20,0x20,0x20,0x20,0x20,0x74,0x65,0x78,
  0x74,0x3a,0x20,0x70,0x69,0x70,0x57,0x6f,0x72,0x6b,0x65,0x72,0x2e,0x70,0x6f,0x73,
  0x69,0x74,0x69,0x6f,0x6e,0x55,0x74,0x63,0x55,0x73,0x20,0x3e,0x20,0x30,0xa,0x20,
  0x20,0x20,0x20,0x20,0x20,0x20,0x20,0x20,0x20,0x20,0x20,0x20,0x20,0x20,0x20,0x20,
  0x20,0x20,0x20,0x20,0x20,0x20,0x20,0x20,0x20,0x3f,0x20,0x73,0x68,0x61,0x6d,0x73,
  0x69,0x2e,0x74,0x6f,0x53,0x68,0x61,0x6d,0x73,0x69,0x53,0x68,0x6f,0x72,0x74,0x28,
  0x70,0x69,0x70,0x57,0x6f,0x72,0x6b,0x65,0x72,0x2e,0x70,0x6f,0x73,0x69,0x74,0x69,
  0x6f,0x6e,0x55,0x74,0x63,0x55,0x73,0x29,0x20,0x3a,0x20,0x22,0x22,0xa,0x20,0x20,
  0x20,0x20,0x20,0x20,0x20,0x20,0x20,0x20,0x20,0x20,0x20,0x20,0x20,0x20,0x20,0x20,
  0x20,0x20,0x63,0x6f,0x6c,0x6f,0x72,0x3a,0x20,0x22,0x23,0x65,0x35,0x65,0x37,0x65,
  0x62,0x22,0xa,0x20,0x20,0x20,0x20,0x20,0x20,0x20,0x20,0x20,0x20,0x20,0x20,0x20,
  0x20,0x20,0x20,0x20,0x20,0x20,0x20,0x66,0x6f,0x6e,0x74,0x2e,0x70,0x69,0x78,0x65,
  0x6c,0x53,0x69,0x7a,0x65,0x3a,0x20,0x31,0x31,0xa,0x20,0x20,0x20,0x20,0x20,0x20,
  0x20,0x20,0x20,0x20,0x20,0x20,0x20,0x20,0x20,0x20,0x20,0x20,0x20,0x20,0x61,0x6e,
  0x63,0x68,0x6f,0x72,0x73,0x2e,0x76,0x65,0x72,0x74,0x69,0x63,0x61,0x6c,0x43,0x65,
  0x6e,0x74,0x65,0x72,0x3a,0x20,0x70,0x61,0x72,0x65,0x6e,0x74,0x2e,0x76,0x65,0x72,
  0x74,0x69,0x63,0x61,0x6c,0x43,0x65,0x6e,0x74,0x65,0x72,0xa,0x20,0x20,0x20,0x20,
  0x20,0x20,0x20,0x20,0x20,0x20,0x20,0x20,0x20,0x20,0x20,0x20,0x7d,0xa,0x20,0x20,
  0x20,0x20,0x20,0x20,0x20,0x20,0x20,0x20,0x20,0x20,0x20,0x20,0x20,0x20,0x49,0x74,
  0x65,0x6d,0x20,0x7b,0x20,0x77,0x69,0x64,0x74,0x68,0x3a,0x20,0x70,0x61,0x72,0x65,
  0x6e,0x74,0x2e,0x77,0x69,0x64,0x74,0x68,0x20,0x2d,0x20,0x31,0x34,0x30,0x3b,0x20,
  0x68,0x65,0x69,0x67,0x68,0x74,0x3a,0x20,0x31,0x20,0x7d,0xa,0x20,0x20,0x20,0x20,
  0x20,0x20,0x20,0x20,0x20,0x20,0x20,0x20,0x20,0x20,0x20,0x20,0x54,0x6f,0x6f,0x6c,
  0x42,0x75,0x74,0x74,0x6f,0x6e,0x20,0x7b,0xa,0x20,0x20,0x20,0x20,0x20,0x20,0x20,
  0x20,0x20,0x20,0x20,0x20,0x20,0x20,0x20,0x20,0x20,0x20,0x20,0x20,0x74,0x65,0x78,
  0x74,0x3a,0x20,0x22,0xd8,0xa8,0xd8,0xb3,0xd8,0xaa,0xd9,0x86,0x22,0xa,0x20,0x20,
  0x20,0x20,0x20,0x20,0x20,0x20,0x20,0x20,0x20,0x20,0x20,0x20,0x20,0x20,0x20,0x20,
  0x20,0x20,0x66,0x6f,0x6e,0x74,0x2e,0x70,0x69,0x78,0x65,0x6c,0x53,0x69,0x7a,0x65,
  0x3a,0x20,0x31,0x30,0xa,0x20,0x20,0x20,0x20,0x20,0x20,0x20,0x20,0x20,0x20,0x20,
  0x20,0x20,0x20,0x20,0x20,0x20,0x20,0x20,0x20,0x6f,0x6e,0x43,0x6c,0x69,0x63,0x6b,
  0x65,0x64,0x3a,0x20,0x70,0x69,0x70,0x57,0x6f,0x72,0x6b,0x65,0x72,0x2e,0x63,0x6c,
  0x6f,0x73,0x65,0x28,0x29,0xa,0x20,0x20,0x20,0x20,0x20,0x20,0x20,0x20,0x20,0x20,
  0x20,0x20,0x20,0x20,0x20,0x20,0x7d,0xa,0x20,0x20,0x20,0x20,0x20,0x20,0x20,0x20,
  0x20,0x20,0x20,0x20,0x7d,0xa,0xa,0x20,0x20,0x20,0x20,0x20,0x20,0x20,0x20,0x20,
  0x20,0x20,0x20,0x56,0x69,0x64,0x65,0x6f,0x4f,0x75,0x74,0x70,0x75,0x74,0x20,0x7b,
  0xa,0x20,0x20,0x20,0x20,0x20,0x20,0x20,0x20,0x20,0x20,0x20,0x20,0x20,0x20,0x20,
  0x20,0x69,0x64,0x3a,0x20,0x70,0x69,0x70,0x56,0x69,0x64,0x65,0x6f,0xa,0x20,0x20,
  0x20,0x20,0x20,0x20,0x20,0x20,0x20,0x20,0x20,0x20,0x20,0x20,0x20,0x20,0x77,0x69,
  0x64,0x74,0x68,0x3a,0x20,0x70,0x61,0x72,0x65,0x6e,0x74,0x2e,0x77,0x69,0x64,0x74,
  0x68,0xa,0x20,0x20,0x20,0x20,0x20,0x20,0x20,0x20,0x20,0x20,0x20,0x20,0x20,0x20,
  0x20,0x20,0x68,0x65,0x69,0x67,0x68,0x74,0x3a,0x20,0x70,0x61,0x72,0x65,0x6e,0x74,
  0x2e,0x68,0x65,0x69,0x67,0x68,0x74,0x20,0x2d,0x20,0x32,0x38,0xa,0x20,0x20,0x20,
  0x20,0x20,0x20,0x20,0x20,0x20,0x20,0x20,0x20,0x20,0x20,0x20,0x20,0x66,0x69,0x6c,
  0x6c,0x4d,0x6f,0x64,0x65,0x3a,0x20,0x56,0x69,0x64,0x65,0x6f,0x4f,0x75,0x74,0x70,
  0x75,0x74,0x2e,0x50,0x72,0x65,0x73,0x65,0x72,0x76,0x65,0x41,0x73,0x70,0x65,0x63,
  0x74,0x46,0x69,0x74,0xa,0x20,0x20,0x20,0x20,0x20,0x20,0x20,0x20,0x20,0x20,0x20,
  0x20,0x7d,0xa,0x20,0x20,0x20,0x20,0x20,0x20,0x20,0x20,0x7d,0xa,0x20,0x20,0x20,
  0x20,0x7d,0xa,0xa,0x20,0x20,0x20,0x20,0x43,0x6f,0x6d,0x70,0x6f,0x6e,0x65,0x6e,
  0x74,0x2e,0x6f,0x6e,0x43,0x6f,0x6d,0x70,0x6c,0x65,0x74,0x65,0x64,0x3a,0x20,0x72,
  0x65,0x61,0x74,0x74,0x61,0x63,0x68,0x28,0x29,0xa,0x20,0x20,0x20,0x20,0x43,0x6f,
  0x6d,0x70,0x6f,0x6e,0x65,0x6e,0x74,0x2e,0x6f,0x6e,0x44,0x65,0x73,0x74,0x72,0x75,
  0x63,0x74,0x69,0x6f,0x6e,0x3a,0x20,0x7b,0xa,0x20,0x20,0x20,0x20,0x20,0x20,0x20,
  0x20,0x70,0x69,0x70,0x57,0x6f,0x72,0x6b,0x65,0x72,0x2e,0x63,0x6c,0x6f,0x73,0x65,
  0x28,0x29,0xa,0x20,0x20,0x20,0x20,0x20,0x20,0x20,0x20,0x69,0x66,0x20,0x28,0x63,
  0x65,0x6c,0x6c,0x49,0x6e,0x64,0x65,0x78,0x20,0x3e,0x3d,0x20,0x30,0x29,0xa,0x20,
  0x20,0x20,0x20,0x20,0x20,0x20,0x20,0x20,0x20,0x20,0x20,0x73,0x74,0x72,0x65,0x61,
  0x6d,0x43,0x6f,0x6e,0x74,0x72,0x6f,0x6c,0x6c,0x65,0x72,0x2e,0x64,0x65,0x74,0x61,
  0x63,0x68,0x28,0x63,0x65,0x6c,0x6c,0x49,0x6e,0x64,0x65,0x78,0x29,0xa,0x20,0x20,
  0x20,0x20,0x7d,0xa,0x7d,0xa,
    // CameraTree.qml
  0x0,0x0,0xd,0x6c,
  0x2f,
  0x2f,0x20,0x43,0x61,0x6d,0x65,0x72,0x61,0x20,0x64,0x69,0x72,0x65,0x63,0x74,0x6f,
  0x72,0x79,0x20,0x74,0x72,0x65,0x65,0x20,0xe2,0x80,0x94,0x20,0x52,0x54,0x4c,0x20,
  0x46,0x61,0x72,0x73,0x69,0x20,0x54,0x72,0x65,0x65,0x56,0x69,0x65,0x77,0x20,0x6f,
  0x76,0x65,0x72,0x20,0x74,0x68,0x65,0x20,0x43,0x2b,0x2b,0x20,0x63,0x61,0x6d,0x65,
  0x72,0x61,0x54,0x72,0x65,0x65,0x4d,0x6f,0x64,0x65,0x6c,0x2e,0xa,0x2f,0x2f,0x20,
  0x47,0x72,0x6f,0x75,0x70,0x20,0x72,0x6f,0x77,0x73,0x20,0x73,0x68,0x6f,0x77,0x20,
  0x6e,0x61,0x6d,0x65,0x20,0x2b,0x20,0x63,0x61,0x6d,0x65,0x72,0x61,0x20,0x63,0x6f,
  0x75,0x6e,0x74,0x3b,0x20,0x63,0x61,0x6d,0x65,0x72,0x61,0x20,0x6c,0x65,0x61,0x76,
  0x65,0x73,0x20,0x61,0x72,0x65,0x20,0x64,0x72,0x61,0x67,0x67,0x61,0x62,0x6c,0x65,
  0x20,0x69,0x6e,0x74,0x6f,0x20,0x74,0x68,0x65,0xa,0x2f,0x2f,0x20,0x47,0x72,0x69,
  0x64,0x20,0x45,0x6e,0x67,0x69,0x6e,0x65,0x20,0x28,0x64,0x72,0x61,0x67,0x20,0x70,
  0x61,0x79,0x6c,0x6f,0x61,0x64,0x20,0x3d,0x20,0x63,0x61,0x6d,0x65,0x72,0x61,0x20,
  0x55,0x55,0x49,0x44,0x29,0x2e,0xa,0x69,0x6d,0x70,0x6f,0x72,0x74,0x20,0x51,0x74,
  0x51,0x75,0x69,0x63,0x6b,0xa,0x69,0x6d,0x70,0x6f,0x72,0x74,0x20,0x51,0x74,0x51,
  0x75,0x69,0x63,0x6b,0x2e,0x43,0x6f,0x6e,0x74,0x72,0x6f,0x6c,0x73,0xa,0xa,0x52,
  0x65,0x63,0x74,0x61,0x6e,0x67,0x6c,0x65,0x20,0x7b,0xa,0x20,0x20,0x20,0x20,0x69,
  0x64,0x3a,0x20,0x72,0x6f,0x6f,0x74,0xa,0x20,0x20,0x20,0x20,0x63,0x6f,0x6c,0x6f,
  0x72,0x3a,0x20,0x22,0x23,0x31,0x36,0x31,0x62,0x32,0x31,0x22,0xa,0xa,0x20,0x20,
  0x20,0x20,0x2f,0x2f,0x20,0x45,0x6d,0x69,0x74,0x74,0x65,0x64,0x20,0x77,0x68,0x65,
  0x6e,0x20,0x74,0x68,0x65,0x20,0x6f,0x70,0x65,0x72,0x61,0x74,0x6f,0x72,0x20,0x61,
  0x63,0x74,0x69,0x76,0x61,0x74,0x65,0x73,0x20,0x61,0x20,0x63,0x61,0x6d,0x65,0x72,
  0x61,0x20,0x6c,0x65,0x61,0x66,0x20,0x28,0x64,0x6f,0x75,0x62,0x6c,0x65,0x2d,0x63,
  0x6c,0x69,0x63,0x6b,0x29,0x2e,0xa,0x20,0x20,0x20,0x20,0x73,0x69,0x67,0x6e,0x61,
  0x6c,0x20,0x63,0x61,0x6d,0x65,0x72,0x61,0x41,0x63,0x74,0x69,0x76,0x61,0x74,0x65,
  0x64,0x28,0x73,0x74,0x72,0x69,0x6e,0x67,0x20,0x63,0x61,0x6d,0x65,0x72,0x61,0x55,
  0x75,0x69,0x64,0x2c,0x20,0x73,0x74,0x72,0x69,0x6e,0x67,0x20,0x6e,0x61,0x6d,0x65,
  0x46,0x61,0x29,0xa,0xa,0x20,0x20,0x20,0x20,0x43,0x6f,0x6c,0x75,0x6d,0x6e,0x20,
  0x7b,0xa,0x20,0x20,0x20,0x20,0x20,0x20,0x20,0x20,0x61,0x6e,0x63,0x68,0x6f,0x72,
  0x73,0x2e,0x66,0x69,0x6c,0x6c,0x3a,0x20,0x70,0x61,0x72,0x65,0x6e,0x74,0xa,0xa,
  0x20,0x20,0x20,0x20,0x20,0x20,0x20,0x20,0x2f,0x2f,0x20,0x48,0x65,0x61,0x64,0x65,
  0x72,0x20,0x2b,0x20,0x6d,0x61,0x6e,0x75,0x61,0x6c,0x20,0x72,0x65,0x66,0x72,0x65,
  0x73,0x68,0xa,0x20,0x20,0x20,0x20,0x20,0x20,0x20,0x20,0x52,0x65,0x63,0x74,0x61,
  0x6e,0x67,0x6c,0x65,0x20,0x7b,0xa,0x20,0x20,0x20,0x20,0x20,0x20,0x20,0x20,0x20,
  0x20,0x20,0x20,0x77,0x69,0x64,0x74,0x68,0x3a,0x20,0x70,0x61,0x72,0x65,0x6e,0x74,
  0x2e,0x77,0x69,0x64,0x74,0x68,0xa,0x20,0x20,0x20,0x20,0x20,0x20,0x20,0x20,0x20,
  0x20,0x20,0x20,0x68,0x65,0x69,0x67,0x68,0x74,0x3a,0x20,0x34,0x30,0xa,0x20,0x20,
  0x20,0x20,0x20,0x20,0x20,0x20,0x20,0x20,0x20,0x20,0x63,0x6f,0x6c,0x6f,0x72,0x3a,
  0x20,0x22,0x23,0x31,0x64,0x32,0x34,0x32,0x63,0x22,0xa,0xa,0x20,0x20,0x20,0x20,
  0x20,0x20,0x20,0x20,0x20,0x20,0x20,0x20,0x4c,0x61,0x62,0x65,0x6c,0x20,0x7b,0xa,
  0x20,0x20,0x20,0x20,0x20,0x20,0x20,0x20,0x20,0x20,0x20,0x20,0x20,0x20,0x20,0x20,
  0x61,0x6e,0x63,0x68,0x6f,0x72,0x73,0x2e,0x76,0x65,0x72,0x74,0x69,0x63,0x61,0x6c,
  0x43,0x65,0x6e,0x74,0x65,0x72,0x3a,0x20,0x70,0x61,0x72,0x65,0x6e,0x74,0x2e,0x76,
  0x65,0x72,0x74,0x69,0x63,0x61,0x6c,0x43,0x65,0x6e,0x74,0x65,0x72,0xa,0x20,0x20,
  0x20,0x20,0x20,0x20,0x20,0x20,0x20,0x20,0x20,0x20,0x20,0x20,0x20,0x20,0x61,0x6e,
  0x63,0x68,0x6f,0x72,0x73,0x2e,0x72,0x69,0x67,0x68,0x74,0x3a,0x20,0x70,0x61,0x72,
  0x65,0x6e,0x74,0x2e,0x72,0x69,0x67,0x68,0x74,0xa,0x20,0x20,0x20,0x20,0x20,0x20,
  0x20,0x20,0x20,0x20,0x20,0x20,0x20,0x20,0x20,0x20,0x61,0x6e,0x63,0x68,0x6f,0x72,
  0x73,0x2e,0x72,0x69,0x67,0x68,0x74,0x4d,0x61,0x72,0x67,0x69,0x6e,0x3a,0x20,0x31,
  0x32,0xa,0x20,0x20,0x20,0x20,0x20,0x20,0x20,0x20,0x20,0x20,0x20,0x20,0x20,0x20,
  0x20,0x20,0x74,0x65,0x78,0x74,0x3a,0x20,0x22,0xd9,0x81,0xd9,0x87,0xd8,0xb1,0xd8,
  0xb3,0xd8,0xaa,0x20,0xd8,0xaf,0xd9,0x88,0xd8,0xb1,0xd8,0xa8,0xdb,0x8c,0xd9,0x86,
  0xe2,0x80,0x8c,0xd9,0x87,0xd8,0xa7,0x22,0xa,0x20,0x20,0x20,0x20,0x20,0x20,0x20,
  0x20,0x20,0x20,0x20,0x20,0x20,0x20,0x20,0x20,0x66,0x6f,0x6e,0x74,0x2e,0x62,0x6f,
  0x6c,0x64,0x3a,0x20,0x74,0x72,0x75,0x65,0xa,0x20,0x20,0x20,0x20,0x20,0x20,0x20,
  0x20,0x20,0x20,0x20,0x20,0x20,0x20,0x20,0x20,0x63,0x6f,0x6c,0x6f,0x72,0x3a,0x20,
  0x22,0x23,0x65,0x38,0x65,0x64,0x66,0x32,0x22,0xa,0x20,0x20,0x20,0x20,0x20,0x20,
  0x20,0x20,0x20,0x20,0x20,0x20,0x7d,0xa,0xa,0x20,0x20,0x20,0x20,0x20,0x20,0x20,
  0x20,0x20,0x20,0x20,0x20,0x54,0x6f,0x6f,0x6c,0x42,0x75,0x74,0x74,0x6f,0x6e,0x20,
  0x7b,0xa,0x20,0x20,0x20,0x20,0x20,0x20,0x20,0x20,0x20,0x20,0x20,0x20,0x20,0x20,
  0x20,0x20,0x61,0x6e,0x63,0x68,0x6f,0x72,0x73,0x2e,0x76,0x65,0x72,0x74,0x69,0x63,
  0x61,0x6c,0x43,0x65,0x6e,0x74,0x65,0x72,0x3a,0x20,0x70,0x61,0x72,0x65,0x6e,0x74,
  0x2e,0x76,0x65,0x72,0x74,0x69,0x63,0x61,0x6c,0x43,0x65,0x6e,0x74,0x65,0x72,0xa,
  0x20,0x20,0x20,0x20,0x20,0x20,0x20,0x20,0x20,0x20,0x20,0x20,0x20,0x20,0x20,0x20,
  0x61,0x6e,0x63,0x68,0x6f,0x72,0x73,0x2e,0x6c,0x65,0x66,0x74,0x3a,0x20,0x70,0x61,
  0x72,0x65,0x6e,0x74,0x2e,0x6c,0x65,0x66,0x74,0xa,0x20,0x20,0x20,0x20,0x20,0x20,
  0x20,0x20,0x20,0x20,0x20,0x20,0x20,0x20,0x20,0x20,0x61,0x6e,0x63,0x68,0x6f,0x72,
  0x73,0x2e,0x6c,0x65,0x66,0x74,0x4d,0x61,0x72,0x67,0x69,0x6e,0x3a,0x20,0x34,0xa,
  0x20,0x20,0x20,0x20,0x20,0x20,0x20,0x20,0x20,0x20,0x20,0x20,0x20,0x20,0x20,0x20,
  0x74,0x65,0x78,0x74,0x3a,0x20,0x22,0x5c,0x75,0x32,0x31,0x62,0x62,0x22,0xa,0x20,
  0x20,0x20,0x20,0x20,0x20,0x20,0x20,0x20,0x20,0x20,0x20,0x20,0x20,0x20,0x20,0x65,
  0x6e,0x61,0x62,0x6c,0x65,0x64,0x3a,0x20,0x21,0x63,0x61,0x6d,0x65,0x72,0x61,0x54,
  0x72,0x65,0x65,0x4d,0x6f,0x64,0x65,0x6c,0x2e,0x6c,0x6f,0x61,0x64,0x69,0x6e,0x67,
  0xa,0x20,0x20,0x20,0x20,0x20,0x20,0x20,0x20,0x20,0x20,0x20,0x20,0x20,0x20,0x20,
  0x20,0x6f,0x6e,0x43,0x6c,0x69,0x63,0x6b,0x65,0x64,0x3a,0x20,0x63,0x61,0x6d,0x65,
  0x72,0x61,0x54,0x72,0x65,0x65,0x4d,0x6f,0x64,0x65,0x6c,0x2e,0x72,0x65,0x6c,0x6f,
  0x61,0x64,0x28,0x29,0xa,0x20,0x20,0x20,0x20,0x20,0x20,0x20,0x20,0x20,0x20,0x20,
  0x20,0x7d,0xa,0x20,0x20,0x20,0x20,0x20,0x20,0x20,0x20,0x7d,0xa,0xa,0x20,0x20,
  0x20,0x20,0x20,0x20,0x20,0x20,0x54,0x72,0x65,0x65,0x56,0x69,0x65,0x77,0x20,0x7b,
  0xa,0x20,0x20,0x20,0x20,0x20,0x20,0x20,0x20,0x20,0x20,0x20,0x20,0x69,0x64,0x3a,
  0x20,0x74,0x72,0x65,0x65,0x56,0x69,0x65,0x77,0xa,0x20,0x20,0x20,0x20,0x20,0x20,
  0x20,0x20,0x20,0x20,0x20,0x20,0x77,0x69,0x64,0x74,0x68,0x3a,0x20,0x70,0x61,0x72,
  0x65,0x6e,0x74,0x2e,0x77,0x69,0x64,0x74,0x68,0xa,0x20,0x20,0x20,0x20,0x20,0x20,
  0x20,0x20,0x20,0x20,0x20,0x20,0x68,0x65,0x69,0x67,0x68,0x74,0x3a,0x20,0x70,0x61,
  0x72,0x65,0x6e,0x74,0x2e,0x68,0x65,0x69,0x67,0x68,0x74,0x20,0x2d,0x20,0x34,0x30,
  0xa,0x20,0x20,0x20,0x20,0x20,0x20,0x20,0x20,0x20,0x20,0x20,0x20,0x63,0x6c,0x69,
  0x70,0x3a,0x20,0x74,0x72,0x75,0x65,0xa,0x20,0x20,0x20,0x20,0x20,0x20,0x20,0x20,
  0x20,0x20,0x20,0x20,0x6d,0x6f,0x64,0x65,0x6c,0x3a,0x20,0x63,0x61,0x6d,0x65,0x72,
  0x61,0x54,0x72,0x65,0x65,0x4d,0x6f,0x64,0x65,0x6c,0xa,0xa,0x20,0x20,0x20,0x20,
  0x20,0x20,0x20,0x20,0x20,0x20,0x20,0x20,0x64,0x65,0x6c,0x65,0x67,0x61,0x74,0x65,
  0x3a,0x20,0x54,0x72,0x65,0x65,0x56,0x69,0x65,0x77,0x44,0x65,0x6c,0x65,0x67,0x61,
  0x74,0x65,0x20,0x7b,0xa,0x20,0x20,0x20,0x20,0x20,0x20,0x20,0x20,0x20,0x20,0x20,
  0x20,0x20,0x20,0x20,0x20,0x69,0x64,0x3a,0x20,0x72,0x6f,0x77,0xa,0x20,0x20,0x20,
  0x20,0x20,0x20,0x20,0x20,0x20,0x20,0x20,0x20,0x20,0x20,0x20,0x20,0x69,0x6d,0x70,
  0x6c,0x69,0x63,0x69,0x74,0x57,0x69,0x64,0x74,0x68,0x3a,0x20,0x74,0x72,0x65,0x65,
  0x56,0x69,0x65,0x77,0x2e,0x77,0x69,0x64,0x74,0x68,0xa,0xa,0x20,0x20,0x20,0x20,
  0x20,0x20,0x20,0x20,0x20,0x20,0x20,0x20,0x20,0x20,0x20,0x20,0x72,0x65,0x71,0x75,
  0x69,0x72,0x65,0x64,0x20,0x70,0x72,0x6f,0x70,0x65,0x72,0x74,0x79,0x20,0x73,0x74,
  0x72,0x69,0x6e,0x67,0x20,0x6e,0x61,0x6d,0x65,0x46,0x61,0xa,0x20,0x20,0x20,0x20,
  0x20,0x20,0x20,0x20,0x20,0x20,0x20,0x20,0x20,0x20,0x20,0x20,0x72,0x65,0x71,0x75,
  0x69,0x72,0x65,0x64,0x20,0x70,0x72,0x6f,0x70,0x65,0x72,0x74,0x79,0x20,0x62,0x6f,
  0x6f,0x6c,0x20,0x69,0x73,0x43,0x61,0x6d,0x65,0x72,0x61,0xa,0x20,0x20,0x20,0x20,
  0x20,0x20,0x20,0x20,0x20,0x20,0x20,0x20,0x20,0x20,0x20,0x20,0x72,0x65,0x71,0x75,
  0x69,0x72,0x65,0x64,0x20,0x70,0x72,0x6f,0x70,0x65,0x72,0x74,0x79,0x20,0x73,0x74,
  0x72,0x69,0x6e,0x67,0x20,0x63,0x61,0x6d,0x65,0x72,0x61,0x55,0x75,0x69,0x64,0xa,
  0x20,0x20,0x20,0x20,0x20,0x20,0x20,0x20,0x20,0x20,0x20,0x20,0x20,0x20,0x20,0x20,
  0x72,0x65,0x71,0x75,0x69,0x72,0x65,0x64,0x20,0x70,0x72,0x6f,0x70,0x65,0x72,0x74,
  0x79,0x20,0x69,0x6e,0x74,0x20,0x63,0x61,0x6d,0x65,0x72,0x61,0x43,0x6f,0x75,0x6e,
  0x74,0xa,0x20,0x20,0x20,0x20,0x20,0x20,0x20,0x20,0x20,0x20,0x20,0x20,0x20,0x20,
  0x20,0x20,0x72,0x65,0x71,0x75,0x69,0x72,0x65,0x64,0x20,0x70,0x72,0x6f,0x70,0x65,
  0x72,0x74,0x79,0x20,0x62,0x6f,0x6f,0x6c,0x20,0x72,0x65,0x63,0x6f,0x72,0x64,0x69,
  0x6e,0x67,0x45,0x6e,0x61,0x62,0x6c,0x65,0x64,0xa,0xa,0x20,0x20,0x20,0x20,0x20,
  0x20,0x20,0x20,0x20,0x20,0x20,0x20,0x20,0x20,0x20,0x20,0x63,0x6f,0x6e,0x74,0x65,
  0x6e,0x74,0x49,0x74,0x65,0x6d,0x3a,0x20,0x52,0x6f,0x77,0x20,0x7b,0xa,0x20,0x20,
  0x20,0x20,0x20,0x20,0x20,0x20,0x20,0x20,0x20,0x20,0x20,0x20,0x20,0x20,0x20,0x20,
  0x20,0x20,0x73,0x70,0x61,0x63,0x69,0x6e,0x67,0x3a,0x20,0x36,0xa,0x20,0x20,0x20,
  0x20,0x20,0x20,0x20,0x20,0x20,0x20,0x20,0x20,0x20,0x20,0x20,0x20,0x20,0x20,0x20,
  0x20,0x6c,0x61,0x79,0x6f,0x75,0x74,0x44,0x69,0x72,0x65,0x63,0x74,0x69,0x6f,0x6e,
  0x3a,0x20,0x51,0x74,0x2e,0x52,0x69,0x67,0x68,0x74,0x54,0x6f,0x4c,0x65,0x66,0x74,
  0xa,0xa,0x20,0x20,0x20,0x20,0x20,0x20,0x20,0x20,0x20,0x20,0x20,0x20,0x20,0x20,
  0x20,0x20,0x20,0x20,0x20,0x20,0x2f,0x2f,0x20,0x52,0x65,0x63,0x6f,0x72,0x64,0x69,
  0x6e,0x67,0x20,0x73,0x74,0x61,0x74,0x75,0x73,0x20,0x64,0x6f,0x74,0x20,0x66,0x6f,
  0x72,0x20,0x63,0x61,0x6d,0x65,0x72,0x61,0x20,0x6c,0x65,0x61,0x76,0x65,0x73,0xa,
  0x20,0x20,0x20,0x20,0x20,0x20,0x20,0x20,0x20,0x20,0x20,0x20,0x20,0x20,0x20,0x20,
  0x20,0x20,0x20,0x20,0x52,0x65,0x63,0x74,0x61,0x6e,0x67,0x6c,0x65,0x20,0x7b,0xa,
  0x20,0x20,0x20,0x20,0x20,0x20,0x20,0x20,0x20,0x20,0x20,0x20,0x20,0x20,0x20,0x20,
  0x20,0x20,0x20,0x20,0x20,0x20,0x20,0x20,0x76,0x69,0x73,0x69,0x62,0x6c,0x65,0x3a,
  0x20,0x72,0x6f,0x77,0x2e,0x69,0x73,0x43,0x61,0x6d,0x65,0x72,0x61,0xa,0x20,0x20,
  0x20,0x20,0x20,0x20,0x20,0x20,0x20,0x20,0x20,0x20,0x20,0x20,0x20,0x20,0x20,0x20,
  0x20,0x20,0x20,0x20,0x20,0x20,0x77,0x69,0x64,0x74,0x68,0x3a,0x20,0x38,0x3b,0x20,
  0x68,0x65,0x69,0x67,0x68,0x74,0x3a,0x20,0x38,0x3b,0x20,0x72,0x61,0x64,0x69,0x75,
  0x73,0x3a,0x20,0x34,0xa,0x20,0x20,0x20,0x20,0x20,0x20,0x20,0x20,0x20,0x20,0x20,
  0x20,0x20,0x20,0x20,0x20,0x20,0x20,0x20,0x20,0x20,0x20,0x20,0x20,0x61,0x6e,0x63,
  0x68,0x6f,0x72,0x73,0x2e,0x76,0x65,0x72,0x74,0x69,0x63,0x61,0x6c,0x43,0x65,0x6e,
  0x74,0x65,0x72,0x3a,0x20,0x70,0x61,0x72,0x65,0x6e,0x74,0x2e,0x76,0x65,0x72,0x74,
  0x69,0x63,0x61,0x6c,0x43,0x65,0x6e,0x74,0x65,0x72,0xa,0x20,0x20,0x20,0x20,0x20,
  0x20,0x20,0x20,0x20,0x20,0x20,0x20,0x20,0x20,0x20,0x20,0x20,0x20,0x20,0x20,0x20,
  0x20,0x20,0x20,0x63,0x6f,0x6c,0x6f,0x72,0x3a,0x20,0x72,0x6f,0x77,0x2e,0x72,0x65,
  0x63,0x6f,0x72,0x64,0x69,0x6e,0x67,0x45,0x6e,0x61,0x62,0x6c,0x65,0x64,0x20,0x3f,
  0x20,0x22,0x23,0x33,0x66,0x62,0x39,0x35,0x30,0x22,0x20,0x3a,0x20,0x22,0x23,0x36,
  0x65,0x37,0x36,0x38,0x31,0x22,0xa,0x20,0x20,0x20,0x20,0x20,0x20,0x20,0x20,0x20,
  0x20,0x20,0x20,0x20,0x20,0x20,0x20,0x20,0x20,0x20,0x20,0x7d,0xa,0xa,0x20,0x20,
  0x20,0x20,0x20,0x20,0x20,0x20,0x20,0x20,0x20,0x20,0x20,0x20,0x20,0x20,0x20,0x20,
  0x20,0x20,0x4c,0x61,0x62,0x65,0x6c,0x20,0x7b,0xa,0x20,0x20,0x20,0x20,0x20,0x20,
  0x20,0x20,0x20,0x20,0x20,0x20,0x20,0x20,0x20,0x20,0x20,0x20,0x20,0x20,0x20,0x20,
  0x20,0x20,0x74,0x65,0x78,0x74,0x3a,0x20,0x72,0x6f,0x77,0x2e,0x69,0x73,0x43,0x61,
  0x6d,0x65,0x72,0x61,0xa,0x20,0x20,0x20,0x20,0x20,0x20,0x20,0x20,0x20,0x20,0x20,
  0x20,0x20,0x20,0x20,0x20,0x20,0x20,0x20,0x20,0x20,0x20,0x20,0x20,0x20,0x20,0x20,
  0x20,0x20,0x20,0x3f,0x20,0x72,0x6f,0x77,0x2e,0x6e,0x61,0x6d,0x65,0x46,0x61,0xa,
  0x20,0x20,0x20,0x20,0x20,0x20,0x20,0x20,0x20,0x20,0x20,0x20,0x20,0x20,0x20,0x20,
  0x20,0x20,0x20,0x20,0x20,0x20,0x20,0x20,0x20,0x20,0x20,0x20,0x20,0x20,0x3a,0x20,
  0x72,0x6f,0x77,0x2e,0x6e,0x61,0x6d,0x65,0x46,0x61,0x20,0x2b,0x20,0x22,0x20,0x28,
  0x22,0x20,0x2b,0x20,0x72,0x6f,0x77,0x2e,0x63,0x61,0x6d,0x65,0x72,0x61,0x43,0x6f,
  0x75,0x6e,0x74,0x20,0x2b,0x20,0x22,0x29,0x22,0xa,0x20,0x20,0x20,0x20,0x20,0x20,
  0x20,0x20,0x20,0x20,0x20,0x20,0x20,0x20,0x20,0x20,0x20,0x20,0x20,0x20,0x20,0x20,
  0x20,0x20,0x63,0x6f,0x6c,0x6f,0x72,0x3a,0x20,0x72,0x6f,0x77,0x2e,0x69,0x73,0x43,
  0x61,0x6d,0x65,0x72,0x61,0x20,0x3f,0x20,0x22,0x23,0x63,0x39,0x64,0x31,0x64,0x39,
  0x22,0x20,0x3a,0x20,0x22,0x23,0x65,0x38,0x65,0x64,0x66,0x32,0x22,0xa,0x20,0x20,
  0x20,0x20,0x20,0x20,0x20,0x20,0x20,0x20,0x20,0x20,0x20,0x20,0x20,0x20,0x20,0x20,
  0x20,0x20,0x20,0x20,0x20,0x20,0x66,0x6f,0x6e,0x74,0x2e,0x62,0x6f,0x6c,0x64,0x3a,
  0x20,0x21,0x72,0x6f,0x77,0x2e,0x69,0x73,0x43,0x61,0x6d,0x65,0x72,0x61,0xa,0x20,
  0x20,0x20,0x20,0x20,0x20,0x20,0x20,0x20,0x20,0x20,0x20,0x20,0x20,0x20,0x20,0x20,
  0x20,0x20,0x20,0x20,0x20,0x20,0x20,0x65,0x6c,0x69,0x64,0x65,0x3a,0x20,0x54,0x65,
  0x78,0x74,0x2e,0x45,0x6c,0x69,0x64,0x65,0x4c,0x65,0x66,0x74,0xa,0x20,0x20,0x20,
  0x20,0x20,0x20,0x20,0x20,0x20,0x20,0x20,0x20,0x20,0x20,0x20,0x20,0x20,0x20,0x20,
  0x20,0x7d,0xa,0x20,0x20,0x20,0x20,0x20,0x20,0x20,0x20,0x20,0x20,0x20,0x20,0x20,
  0x20,0x20,0x20,0x7d,0xa,0xa,0x20,0x20,0x20,0x20,0x20,0x20,0x20,0x20,0x20,0x20,
  0x20,0x20,0x20,0x20,0x20,0x20,0x2f,0x2f,0x20,0x44,0x6f,0x75,0x62,0x6c,0x65,0x2d,
  0x63,0x6c,0x69,0x63,0x6b,0x20,0x61,0x20,0x63,0x61,0x6d,0x65,0x72,0x61,0x20,0x74,
  0x6f,0x20,0x70,0x6c,0x61,0x63,0x65,0x20,0x69,0x74,0x20,0x69,0x6e,0x20,0x74,0x68,
  0x65,0x20,0x66,0x6f,0x63,0x75,0x73,0x65,0x64,0x20,0x67,0x72,0x69,0x64,0x20,0x63,
  0x65,0x6c,0x6c,0x2e,0xa,0x20,0x20,0x20,0x20,0x20,0x20,0x20,0x20,0x20,0x20,0x20,
  0x20,0x20,0x20,0x20,0x20,0x54,0x61,0x70,0x48,0x61,0x6e,0x64,0x6c,0x65,0x72,0x20,
  0x7b,0xa,0x20,0x20,0x20,0x20,0x20,0x20,0x20,0x20,0x20,0x20,0x20,0x20,0x20,0x20,
  0x20,0x20,0x20,0x20,0x20,0x20,0x65,0x6e,0x61,0x62,0x6c,0x65,0x64,0x3a,0x20,0x72,
  0x6f,0x77,0x2e,0x69,0x73,0x43,0x61,0x6d,0x65,0x72,0x61,0xa,0x20,0x20,0x20,0x20,
  0x20,0x20,0x20,0x20,0x20,0x20,0x20,0x20,0x20,0x20,0x20,0x20,0x20,0x20,0x20,0x20,
  0x6f,0x6e,0x44,0x6f,0x75,0x62,0x6c,0x65,0x54,0x61,0x70,0x70,0x65,0x64,0x3a,0x20,
  0x72,0x6f,0x6f,0x74,0x2e,0x63,0x61,0x6d,0x65,0x72,0x61,0x41,0x63,0x74,0x69,0x76,
  0x61,0x74,0x65,0x64,0x28,0x72,0x6f,0x77,0x2e,0x63,0x61,0x6d,0x65,0x72,0x61,0x55,
  0x75,0x69,0x64,0x2c,0x20,0x72,0x6f,0x77,0x2e,0x6e,0x61,0x6d,0x65,0x46,0x61,0x29,
  0xa,0x20,0x20,0x20,0x20,0x20,0x20,0x20,0x20,0x20,0x20,0x20,0x20,0x20,0x20,0x20,
  0x20,0x7d,0xa,0x20,0x20,0x20,0x20,0x20,0x20,0x20,0x20,0x20,0x20,0x20,0x20,0x7d,
  0xa,0x20,0x20,0x20,0x20,0x20,0x20,0x20,0x20,0x7d,0xa,0x20,0x20,0x20,0x20,0x7d,
  0xa,0xa,0x20,0x20,0x20,0x20,0x2f,0x2f,0x20,0x46,0x65,0x74,0x63,0x68,0x20,0x74,
  0x68,0x65,0x20,0x64,0x69,0x72,0x65,0x63,0x74,0x6f,0x72,0x79,0x20,0x6f,0x6e,0x63,
  0x65,0x20,0x74,0x68,0x65,0x20,0x74,0x72,0x65,0x65,0x20,0x66,0x69,0x72,0x73,0x74,
  0x20,0x61,0x70,0x70,0x65,0x61,0x72,0x73,0x2e,0xa,0x20,0x20,0x20,0x20,0x43,0x6f,
  0x6d,0x70,0x6f,0x6e,0x65,0x6e,0x74,0x2e,0x6f,0x6e,0x43,0x6f,0x6d,0x70,0x6c,0x65,
  0x74,0x65,0x64,0x3a,0x20,0x63,0x61,0x6d,0x65,0x72,0x61,0x54,0x72,0x65,0x65,0x4d,
  0x6f,0x64,0x65,0x6c,0x2e,0x72,0x65,0x6c,0x6f,0x61,0x64,0x28,0x29,0xa,0xa,0x20,
  0x20,0x20,0x20,0x2f,0x2f,0x20,0x46,0x61,0x72,0x73,0x69,0x20,0x65,0x72,0x72,0x6f,
  0x72,0x20,0x73,0x74,0x72,0x69,0x70,0x20,0x28,0x6e,0x65,0x74,0x77,0x6f,0x72,0x6b,
  0x20,0x66,0x61,0x69,0x6c,0x75,0x72,0x65,0x73,0x29,0xa,0x20,0x20,0x20,0x20,0x52,
  0x65,0x63,0x74,0x61,0x6e,0x67,0x6c,0x65,0x20,0x7b,0xa,0x20,0x20,0x20,0x20,0x20,
  0x20,0x20,0x20,0x76,0x69,0x73,0x69,0x62,0x6c,0x65,0x3a,0x20,0x63,0x61,0x6d,0x65,
  0x72,0x61,0x54,0x72,0x65,0x65,0x4d,0x6f,0x64,0x65,0x6c,0x2e,0x65,0x72,0x72,0x6f,
  0x72,0x46,0x61,0x2e,0x6c,0x65,0x6e,0x67,0x74,0x68,0x20,0x3e,0x20,0x30,0xa,0x20,
  0x20,0x20,0x20,0x20,0x20,0x20,0x20,0x61,0x6e,0x63,0x68,0x6f,0x72,0x73,0x2e,0x62,
  0x6f,0x74,0x74,0x6f,0x6d,0x3a,0x20,0x70,0x61,0x72,0x65,0x6e,0x74,0x2e,0x62,0x6f,
  0x74,0x74,0x6f,0x6d,0xa,0x20,0x20,0x20,0x20,0x20,0x20,0x20,0x20,0x77,0x69,0x64,
  0x74,0x68,0x3a,0x20,0x70,0x61,0x72,0x65,0x6e,0x74,0x2e,0x77,0x69,0x64,0x74,0x68,
  0xa,0x20,0x20,0x20,0x20,0x20,0x20,0x20,0x20,0x68,0x65,0x69,0x67,0x68,0x74,0x3a,
  0x20,0x33,0x32,0xa,0x20,0x20,0x20,0x20,0x20,0x20,0x20,0x20,0x63,0x6f,0x6c,0x6f,
  0x72,0x3a,0x20,0x22,0x23,0x35,0x63,0x31,0x65,0x31,0x65,0x22,0xa,0xa,0x20,0x20,
  0x20,0x20,0x20,0x20,0x20,0x20,0x4c,0x61,0x62,0x65,0x6c,0x20,0x7b,0xa,0x20,0x20,
  0x20,0x20,0x20,0x20,0x20,0x20,0x20,0x20,0x20,0x20,0x61,0x6e,0x63,0x68,0x6f,0x72,
  0x73,0x2e,0x63,0x65,0x6e,0x74,0x65,0x72,0x49,0x6e,0x3a,0x20,0x70,0x61,0x72,0x65,
  0x6e,0x74,0xa,0x20,0x20,0x20,0x20,0x20,0x20,0x20,0x20,0x20,0x20,0x20,0x20,0x74,
  0x65,0x78,0x74,0x3a,0x20,0x63,0x61,0x6d,0x65,0x72,0x61,0x54,0x72,0x65,0x65,0x4d,
  0x6f,0x64,0x65,0x6c,0x2e,0x65,0x72,0x72,0x6f,0x72,0x46,0x61,0xa,0x20,0x20,0x20,
  0x20,0x20,0x20,0x20,0x20,0x20,0x20,0x20,0x20,0x63,0x6f,0x6c,0x6f,0x72,0x3a,0x20,
  0x22,0x23,0x66,0x66,0x62,0x34,0x62,0x34,0x22,0xa,0x20,0x20,0x20,0x20,0x20,0x20,
  0x20,0x20,0x20,0x20,0x20,0x20,0x66,0x6f,0x6e,0x74,0x2e,0x70,0x69,0x78,0x65,0x6c,
  0x53,0x69,0x7a,0x65,0x3a,0x20,0x31,0x32,0xa,0x20,0x20,0x20,0x20,0x20,0x20,0x20,
  0x20,0x7d,0xa,0x20,0x20,0x20,0x20,0x7d,0xa,0x7d,0xa,
    // TimelineBar.qml
  0x0,0x0,0x5,0x1a,
  0x0,
  0x0,0x11,0x68,0x78,0xda,0xb5,0x57,0x4f,0x6f,0xdb,0x36,0x14,0xbf,0xeb,0x53,0x3c,
  0x78,0x17,0x67,0x8b,0x15,0xff,0x49,0x93,0xc0,0x45,0x5a,0x2c,0x41,0x8a,0x16,0x48,
  0x8a,0x34,0x76,0x56,0xc,0x41,0xf,0xb4,0x44,0xdb,0x5c,0x29,0x51,0x20,0x29,0x3b,
  0x5e,0x60,0x60,0x2b,0x86,0x6d,0x87,0x1d,0x7,0xec,0x23,0x34,0xd8,0x61,0xdd,0x82,
  0x6e,0xd8,0x2e,0x3b,0x6c,0x5f,0xc2,0x46,0x6e,0xfb,0x24,0x7b,0x94,0x64,0x25,0xb2,
  0x6c,0xd7,0xde,0x52,0x1e,0x2c,0x89,0x7c,0x7c,0x7c,0xff,0xf8,0x7b,0x3f,0x6f,0x6c,
  0xc0,0xee,0x5d,0xe,0x6b,0x63,0x3,0x9a,0xcc,0xa3,0x9c,0xf9,0x74,0x8f,0x48,0xf8,
  0xe7,0x8b,0xef,0xc1,0x23,0x4a,0x53,0x9,0x8d,0x81,0xef,0xc0,0x31,0x27,0x83,0x16,
  0x71,0x5e,0x82,0x4e,0x84,0xa0,0xe8,0x11,0xdf,0x25,0x9a,0xc2,0x5f,0xaf,0x6b,0xf6,
  0xde,0x9a,0x8d,0x1a,0x22,0x25,0x5d,0xa,0x8a,0x33,0x17,0x37,0x6,0x42,0x31,0xcd,
  0x84,0xf,0x4c,0x1,0x81,0xd3,0xe6,0x3e,0x78,0xcc,0x91,0x42,0x51,0x47,0xf8,0x2e,
  0x3c,0x6d,0x1e,0x47,0xca,0x94,0x26,0x5e,0x0,0xcc,0x57,0xb8,0x7,0x34,0xee,0x96,
  0xb4,0xc7,0x68,0x9f,0xba,0x46,0x5b,0x9f,0xf9,0xae,0xe8,0xdf,0x7,0x57,0x92,0x4e,
  0x87,0xf9,0x1d,0x68,0x49,0x41,0x5c,0x7,0xd,0x33,0x2a,0x15,0x5a,0xd6,0x95,0xc2,
  0x67,0x9f,0x53,0x17,0x14,0xa5,0x68,0x9d,0x80,0x83,0x4f,0xe,0x4e,0x3e,0x5,0xe2,
  0x68,0xd6,0xa3,0xe0,0xe2,0x59,0x2e,0xee,0x33,0xba,0xa8,0xdf,0x31,0x76,0xf7,0x18,
  0x89,0x5c,0x4a,0x3d,0x2a,0x3d,0x80,0x86,0x96,0x94,0x78,0xfb,0xc2,0xd7,0x52,0x70,
  0x4e,0xa5,0xd,0x87,0xa4,0x45,0xb9,0x42,0x5b,0x7c,0xe3,0x9,0xf3,0xa1,0xd1,0x25,
  0x9e,0x62,0x68,0x90,0xee,0x1a,0x65,0xc7,0x54,0x2a,0x46,0x7c,0x70,0x59,0x87,0x69,
  0x75,0x1f,0x25,0x30,0x54,0x3e,0xe1,0x18,0x34,0xdd,0x5,0xf4,0x69,0xa0,0x20,0x8,
  0x25,0x35,0x6e,0x9b,0xd0,0xdc,0x71,0xb6,0x98,0x17,0x8,0xa9,0xe1,0x99,0x7e,0x16,
  0x32,0xe7,0xe5,0xd4,0xa7,0x9d,0x38,0xa2,0xa6,0xe7,0xf,0xc9,0x40,0x84,0x5a,0x59,
  0xd6,0x9,0x75,0x34,0xf1,0x3b,0x9c,0xc2,0x85,0x5,0x38,0x98,0x5b,0x87,0x16,0x91,
  0xd1,0xbb,0x23,0xb8,0x90,0x75,0x28,0x7c,0x50,0x76,0x2b,0x95,0xca,0x76,0x21,0x9a,
  0x6c,0x9,0x89,0x71,0xb0,0xd3,0xb5,0x6a,0xad,0x4a,0x6a,0xb5,0xcc,0x5a,0x9f,0xb9,
  0xba,0x5b,0x87,0x8a,0x15,0x4d,0x62,0x3c,0x5d,0xe1,0xf3,0x1,0x4,0x52,0x4,0x54,
  0xea,0x1,0x8a,0x9,0xe,0x5d,0xa2,0x9e,0x47,0x29,0xad,0x47,0x52,0x66,0xa8,0x5b,
  0xb9,0xb0,0xe3,0x7c,0x1f,0xf8,0xee,0xa9,0x76,0x4e,0x15,0x3c,0x98,0xb5,0xda,0xd0,
  0x44,0xea,0x68,0x3d,0x3e,0x6a,0x5f,0xf0,0xd0,0xf3,0x63,0xdf,0x12,0x7f,0xcc,0x20,
  0x58,0x1b,0x42,0x2a,0xbb,0xcd,0x38,0xaf,0x43,0x40,0x30,0x95,0x3a,0xb7,0xe8,0x11,
  0x89,0x45,0xa1,0xea,0xb0,0x75,0x63,0x4f,0x40,0x1c,0xac,0x98,0x3a,0x6c,0x5a,0xe9,
  0x1c,0xe6,0xaf,0x54,0x2a,0x41,0x53,0x12,0x5f,0x45,0x11,0x75,0x92,0x8,0xc3,0x47,
  0x93,0xc2,0x48,0x8b,0x3d,0xf2,0x1c,0x2d,0x29,0xcd,0x18,0xa9,0xc2,0x13,0xd1,0xcf,
  0x19,0x6c,0x46,0x3c,0x19,0xd9,0xfc,0x3c,0x8e,0xa7,0x96,0x21,0xcd,0x88,0xa4,0xf6,
  0x6d,0x59,0x99,0xf9,0x26,0xc6,0x77,0x2f,0xd4,0x1a,0x4d,0xc8,0xea,0x34,0x43,0xd3,
  0x73,0x8d,0x79,0x1b,0xff,0x39,0xfa,0x69,0xf4,0x16,0x46,0x57,0xe3,0xaf,0x47,0x6f,
  0xc6,0xdf,0x14,0x72,0x72,0x6d,0xf4,0xcb,0xe,0xd8,0x39,0xe5,0xd,0xbc,0x54,0x98,
  0xcd,0x6a,0x4e,0x44,0xf8,0xfb,0x1c,0x8b,0x89,0x62,0xc9,0x64,0x92,0xf3,0x59,0xe8,
  0x5,0x4d,0x71,0x88,0xb7,0xae,0xb8,0x96,0xd9,0x34,0xcc,0xdb,0xd9,0xa0,0x98,0xf,
  0xa2,0x85,0x84,0x8b,0xe1,0xca,0x5e,0x64,0x4e,0xd,0xf0,0xc5,0xe0,0xc2,0x43,0x28,
  0x8c,0x7e,0x1c,0x7f,0x3b,0x7e,0x35,0xfe,0xb2,0x0,0xa9,0xa7,0x77,0xea,0xe0,0xcd,
  0x51,0xd9,0x69,0x12,0xaa,0x69,0x97,0x97,0x19,0x33,0xb4,0xe7,0x2,0xb7,0x72,0x7e,
  0x5f,0x8d,0x5e,0x8f,0x2e,0x1,0x1f,0x97,0xe3,0xaf,0xae,0xbf,0xbb,0x53,0xf7,0xb1,
  0x17,0x4,0x8f,0x24,0x41,0xc0,0x2e,0x96,0x2a,0x77,0x64,0xe8,0xe8,0x72,0xf4,0xc7,
  0xe8,0xcd,0xfb,0x33,0xb4,0xb2,0xb0,0x12,0xf7,0x85,0xd7,0x12,0x7b,0xe2,0x7c,0x86,
  0x99,0x6,0x10,0xb1,0x40,0x29,0xae,0xe6,0xd6,0x3c,0xe1,0x52,0x44,0x94,0xb3,0xc2,
  0xf5,0xcf,0xf6,0xf5,0xd5,0xf5,0xaf,0x7f,0xff,0x50,0x58,0x87,0xe8,0x63,0xf2,0xfa,
  0x4b,0xf2,0xbc,0x4a,0x9e,0x6f,0x93,0xe7,0xef,0x93,0xf5,0xeb,0xdf,0xf0,0xed,0x45,
  0x4e,0x73,0x8a,0x95,0x3d,0xec,0xc0,0xe6,0x78,0x4,0xa6,0xb3,0xb2,0x5d,0xbd,0xb7,
  0xe,0x65,0x1b,0x7f,0x2a,0xeb,0x50,0x5d,0x87,0xcd,0x75,0xd8,0xc1,0xf7,0xad,0xfc,
  0x7e,0x27,0x94,0x6,0xe5,0x9e,0x60,0xcf,0x3a,0xaf,0x43,0xf5,0xbf,0x4,0x15,0x3b,
  0x6,0x6,0x95,0xe9,0x4,0x7d,0x76,0x36,0x67,0x84,0xfd,0x63,0xd3,0x5b,0xd1,0x3a,
  0x8c,0x51,0x91,0xad,0xc1,0xee,0x14,0x4a,0x1b,0xc3,0x61,0x37,0xb6,0xff,0x8c,0xbd,
  0x58,0x94,0x81,0x27,0x9a,0x7a,0x70,0x31,0x7,0xf5,0xa6,0x85,0x11,0x84,0x8f,0x62,
  0x46,0x92,0x62,0xad,0x61,0x29,0xed,0x90,0xf3,0x9,0x8,0x47,0x5c,0xc2,0x9e,0x42,
  0x54,0x6c,0xe4,0x4b,0x62,0x49,0xa2,0x76,0xd2,0x7b,0xca,0x73,0xee,0x34,0x2,0x40,
  0x74,0x9c,0xad,0x45,0x7c,0x6e,0x71,0xbe,0x9a,0x79,0xb8,0x80,0x77,0x0,0x8d,0xcf,
  0xd7,0x7d,0xda,0x61,0xe9,0x3d,0xba,0x4d,0x5b,0x4b,0x5c,0x8c,0xda,0x6c,0x91,0x96,
  0xe0,0xee,0x8c,0xee,0x71,0x73,0x55,0x87,0xb9,0xf6,0x96,0x44,0x37,0x65,0x78,0x9,
  0x8d,0x2b,0x2d,0x3f,0x52,0x8d,0x8d,0x78,0x6b,0x36,0xec,0xe6,0x52,0x4d,0x94,0xaf,
  0xda,0xf5,0xa8,0x4f,0x5a,0x9c,0xc6,0x34,0xc5,0x4e,0x59,0x44,0x46,0xa4,0x2d,0x85,
  0x57,0x9f,0x4a,0x9a,0x16,0x8b,0x76,0xc4,0xc9,0x7c,0x1a,0x7a,0x2d,0x2a,0x8b,0x8b,
  0x78,0x48,0x69,0x3e,0xba,0x2f,0x24,0x28,0xf9,0xec,0xa7,0x4,0xe9,0x56,0xec,0x1f,
  0x21,0xe7,0x14,0xfd,0x88,0xfb,0x26,0x94,0xdb,0xe1,0x2,0x89,0x69,0xe8,0x73,0xaa,
  0x54,0x34,0x6f,0x70,0x21,0xea,0x97,0x48,0xa5,0x27,0x5c,0x38,0x5b,0xe7,0x3d,0xc2,
  0x43,0x2c,0x87,0x40,0xe2,0x16,0x64,0xc3,0xf,0xe3,0x9,0x6b,0x46,0xe1,0xcd,0xf2,
  0x37,0x5b,0xfa,0xb,0xdc,0x7d,0x97,0xbf,0x56,0x16,0x2a,0x8e,0x44,0x2f,0x8f,0xcf,
  0x48,0xd4,0x8b,0xd6,0x4a,0x7a,0x91,0x66,0x1d,0x21,0xaf,0xb6,0xa5,0x8,0x7d,0xb7,
  0x18,0x79,0xb6,0x36,0x75,0x96,0xd9,0xd7,0x89,0xd6,0xeb,0x30,0x4d,0x6f,0x6f,0x8f,
  0xf3,0x9b,0x1a,0xb4,0x39,0x6d,0xeb,0x63,0xe2,0x46,0x7f,0x10,0xa6,0xe5,0x6,0xb7,
  0xe4,0xb4,0x8,0x12,0x31,0x34,0x24,0x9d,0x25,0x3d,0xc2,0xb8,0xa9,0xca,0xc7,0x94,
  0x75,0xba,0x1a,0x36,0xa0,0xa,0x25,0xe8,0xa6,0x1f,0x39,0x95,0x9,0x43,0xce,0x2b,
  0x88,0x8a,0x3e,0x27,0x1e,0x6b,0xba,0x4d,0x4d,0x27,0x43,0x12,0x97,0x85,0xd8,0x1b,
  0x6a,0xf3,0xe1,0xa3,0xe2,0x20,0x45,0x47,0xf8,0xc8,0x49,0x2c,0x8a,0xcd,0x2c,0x23,
  0x7b,0x4c,0x85,0x84,0x1f,0x4f,0x10,0xf7,0xc3,0x84,0x49,0xc7,0x74,0x7f,0xa6,0x86,
  0x89,0xdd,0x89,0x60,0xfc,0x39,0x53,0x72,0xbe,0x1f,0x19,0x5f,0xaa,0xed,0x9d,0x4a,
  0x7b,0x3b,0xf,0x85,0xc3,0xa5,0x91,0x2d,0xbe,0xfb,0x40,0xdd,0xe,0x5,0x1e,0xff,
  0xb3,0x2b,0x4e,0x5a,0x46,0xd7,0xf0,0xf9,0xe8,0x8f,0xe8,0x1a,0x2c,0x81,0x6c,0xff,
  0x83,0xb9,0x63,0x28,0x19,0x66,0x7b,0x1a,0x91,0x56,0x69,0x57,0xd9,0xbe,0xd3,0x30,
  0xb6,0x17,0x57,0x44,0xa0,0x34,0xac,0x5b,0xad,0xed,0xea,0x4e,0x79,0x89,0xe,0x53,
  0x5e,0x40,0xf6,0xde,0xd5,0xc1,0xef,0xde,0xb7,0x9,0x28,0xbf,0x4f,0xcf,0xe2,0xb7,
  0xa1,0x35,0xb4,0xfe,0x5,0xd,0x2f,0xc5,0x59,
    // SmartMap.qml
  0x0,0x0,0x16,0xf0,
  0x2f,
  0x2f,0x20,0x3d,0x3d,0x3d,0x3d,0x3d,0x3d,0x3d,0x3d,0x3d,0x3d,0x3d,0x3d,0x3d,0x3d,
  0x3d,0x3d,0x3d,0x3d,0x3d,0x3d,0x3d,0x3d,0x3d,0x3d,0x3d,0x3d,0x3d,0x3d,0x3d,0x3d,
  0x3d,0x3d,0x3d,0x3d,0x3d,0x3d,0x3d,0x3d,0x3d,0x3d,0x3d,0x3d,0x3d,0x3d,0x3d,0x3d,
  0x3d,0x3d,0x3d,0x3d,0x3d,0x3d,0x3d,0x3d,0x3d,0x3d,0x3d,0x3d,0x3d,0x3d,0x3d,0x3d,
  0x3d,0x3d,0x3d,0x3d,0x3d,0x3d,0x3d,0x3d,0x3d,0x3d,0x3d,0x3d,0x3d,0x3d,0x3d,0xa,
  0x2f,0x2f,0x20,0x53,0x6d,0x61,0x72,0x74,0x4d,0x61,0x70,0x20,0xe2,0x80,0x94,0x20,
  0x69,0x6e,0x74,0x65,0x72,0x61,0x63,0x74,0x69,0x76,0x65,0x20,0x47,0x49,0x53,0x20,
  0x66,0x6c,0x6f,0x6f,0x72,0x20,0x70,0x6c,0x61,0x6e,0x20,0x28,0x6d,0x61,0x6e,0x64,
  0x61,0x74,0x65,0x20,0xc2,0xa7,0x35,0x29,0x2e,0xa,0x2f,0x2f,0xa,0x2f,0x2f,0x20,
  0x2d,0x20,0x52,0x65,0x6e,0x64,0x65,0x72,0x73,0x20,0x61,0x6e,0x20,0x6f,0x66,0x66,
  0x6c,0x69,0x6e,0x65,0x20,0x66,0x6c,0x6f,0x6f,0x72,0x20,0x70,0x6c,0x61,0x6e,0x20,
  0x28,0x65,0x78,0x70,0x6f,0x72,0x74,0x65,0x64,0x20,0x41,0x75,0x74,0x6f,0x43,0x41,
  0x44,0x20,0x72,0x61,0x73,0x74,0x65,0x72,0x20,0x2f,0x20,0x4f,0x53,0x4d,0x20,0x74,
  0x69,0x6c,0x65,0x20,0x69,0x6d,0x61,0x67,0x65,0x29,0x2e,0xa,0x2f,0x2f,0x20,0x2d,
  0x20,0x43,0x61,0x6d,0x65,0x72,0x61,0x20,0x6d,0x61,0x72,0x6b,0x65,0x72,0x73,0x20,
  0x63,0x61,0x72,0x72,0x79,0x20,0x61,0x20,0x64,0x69,0x72,0x65,0x63,0x74,0x69,0x6f,
  0x6e,0x61,0x6c,0x20,0x46,0x69,0x65,0x6c,0x64,0x2d,0x6f,0x66,0x2d,0x56,0x69,0x65,
  0x77,0x20,0x63,0x6f,0x6e,0x65,0x20,0x28,0x43,0x61,0x6e,0x76,0x61,0x73,0x2d,0x64,
  0x72,0x61,0x77,0x6e,0x29,0x2e,0xa,0x2f,0x2f,0x20,0x2d,0x20,0x43,0x6c,0x69,0x63,
  0x6b,0x69,0x6e,0x67,0x20,0x61,0x20,0x6d,0x61,0x72,0x6b,0x65,0x72,0x20,0x6f,0x70,
  0x65,0x6e,0x73,0x20,0x61,0x20,0x66,0x6c,0x6f,0x61,0x74,0x69,0x6e,0x67,0x20,0x6c,
  0x69,0x76,0x65,0x20,0x76,0x69,0x64,0x65,0x6f,0x20,0x70,0x6f,0x70,0x75,0x70,0x20,
  0x66,0x65,0x64,0x20,0x62,0x79,0x20,0x74,0x68,0x65,0x20,0x72,0x65,0x6c,0x61,0x79,
  0x2e,0xa,0x2f,0x2f,0x20,0x2d,0x20,0x4d,0x61,0x72,0x6b,0x65,0x72,0x20,0x70,0x6f,
  0x73,0x69,0x74,0x69,0x6f,0x6e,0x73,0x20,0x63,0x6f,0x6d,0x65,0x20,0x66,0x72,0x6f,
  0x6d,0x20,0x43,0x61,0x6d,0x65,0x72,0x61,0x2e,0x6d,0x61,0x70,0x5f,0x78,0x20,0x2f,
  0x20,0x6d,0x61,0x70,0x5f,0x79,0x20,0x2f,0x20,0x66,0x6f,0x76,0x5f,0x64,0x69,0x72,
  0x65,0x63,0x74,0x69,0x6f,0x6e,0x20,0x2f,0xa,0x2f,0x2f,0x20,0x20,0x20,0x66,0x6f,
  0x76,0x5f,0x61,0x6e,0x67,0x6c,0x65,0x20,0x66,0x69,0x65,0x6c,0x64,0x73,0x20,0x69,
  0x6e,0x20,0x74,0x68,0x65,0x20,0x44,0x6a,0x61,0x6e,0x67,0x6f,0x20,0x43,0x6f,0x6e,
  0x74,0x72,0x6f,0x6c,0x20,0x50,0x6c,0x61,0x6e,0x65,0x2e,0xa,0x2f,0x2f,0x20,0x3d,
  0x3d,0x3d,0x3d,0x3d,0x3d,0x3d,0x3d,0x3d,0x3d,0x3d,0x3d,0x3d,0x3d,0x3d,0x3d,0x3d,
  0x3d,0x3d,0x3d,0x3d,0x3d,0x3d,0x3d,0x3d,0x3d,0x3d,0x3d,0x3d,0x3d,0x3d,0x3d,0x3d,
  0x3d,0x3d,0x3d,0x3d,0x3d,0x3d,0x3d,0x3d,0x3d,0x3d,0x3d,0x3d,0x3d,0x3d,0x3d,0x3d,
  0x3d,0x3d,0x3d,0x3d,0x3d,0x3d,0x3d,0x3d,0x3d,0x3d,0x3d,0x3d,0x3d,0x3d,0x3d,0x3d,
  0x3d,0x3d,0x3d,0x3d,0x3d,0x3d,0x3d,0x3d,0x3d,0x3d,0x3d,0x3d,0xa,0x69,0x6d,0x70,
  0x6f,0x72,0x74,0x20,0x51,0x74,0x51,0x75,0x69,0x63,0x6b,0xa,0x69,0x6d,0x70,0x6f,
  0x72,0x74,0x20,0x51,0x74,0x51,0x75,0x69,0x63,0x6b,0x2e,0x43,0x6f,0x6e,0x74,0x72,
  0x6f,0x6c,0x73,0xa,0x69,0x6d,0x70,0x6f,0x72,0x74,0x20,0x51,0x74,0x4d,0x75,0x6c,
  0x74,0x69,0x6d,0x65,0x64,0x69,0x61,0xa,0x69,0x6d,0x70,0x6f,0x72,0x74,0x20,0x56,
  0x6d,0x73,0x2e,0x43,0x6c,0x69,0x65,0x6e,0x74,0xa,0xa,0x52,0x65,0x63,0x74,0x61,
  0x6e,0x67,0x6c,0x65,0x20,0x7b,0xa,0x20,0x20,0x20,0x20,0x69,0x64,0x3a,0x20,0x6d,
  0x61,0x70,0xa,0x20,0x20,0x20,0x20,0x63,0x6f,0x6c,0x6f,0x72,0x3a,0x20,0x22,0x23,
  0x30,0x62,0x30,0x65,0x31,0x32,0x22,0xa,0xa,0x20,0x20,0x20,0x20,0x2f,0x2f,0x20,
  0x49,0x6e,0x6a,0x65,0x63,0x74,0x65,0x64,0x20,0x66,0x72,0x6f,0x6d,0x20,0x44,0x6a,
  0x61,0x6e,0x67,0x6f,0x3a,0x20,0x5b,0x7b,0x63,0x61,0x6d,0x65,0x72,0x61,0x5f,0x75,
  0x75,0x69,0x64,0x2c,0x20,0x6e,0x61,0x6d,0x65,0x5f,0x66,0x61,0x2c,0x20,0x6d,0x61,
  0x70,0x5f,0x78,0x2c,0x20,0x6d,0x61,0x70,0x5f,0x79,0x2c,0xa,0x20,0x20,0x20,0x20,
  0x2f,0x2f,0x20,0x20,0x20,0x20,0x20,0x20,0x20,0x20,0x20,0x20,0x20,0x20,0x20,0x20,
  0x20,0x20,0x20,0x20,0x20,0x20,0x20,0x20,0x20,0x20,0x20,0x20,0x66,0x6f,0x76,0x5f,
  0x64,0x69,0x72,0x65,0x63,0x74,0x69,0x6f,0x6e,0x2c,0x20,0x66,0x6f,0x76,0x5f,0x61,
  0x6e,0x67,0x6c,0x65,0x7d,0x2c,0x20,0x2e,0x2e,0x2e,0x5d,0x20,0x28,0x30,0x2e,0x2e,
  0x31,0x20,0x63,0x6f,0x6f,0x72,0x64,0x73,0x29,0xa,0x20,0x20,0x20,0x20,0x70,0x72,
  0x6f,0x70,0x65,0x72,0x74,0x79,0x20,0x76,0x61,0x72,0x20,0x63,0x61,0x6d,0x65,0x72,
  0x61,0x73,0x3a,0x20,0x5b,0x5d,0xa,0x20,0x20,0x20,0x20,0x70,0x72,0x6f,0x70,0x65,
  0x72,0x74,0x79,0x20,0x75,0x72,0x6c,0x20,0x66,0x6c,0x6f,0x6f,0x72,0x50,0x6c,0x61,
  0x6e,0x53,0x6f,0x75,0x72,0x63,0x65,0x3a,0x20,0x22,0x22,0xa,0xa,0x20,0x20,0x20,
  0x20,0x46,0x6c,0x69,0x63,0x6b,0x61,0x62,0x6c,0x65,0x20,0x7b,0xa,0x20,0x20,0x20,
  0x20,0x20,0x20,0x20,0x20,0x69,0x64,0x3a,0x20,0x66,0x6c,0x69,0x63,0x6b,0xa,0x20,
  0x20,0x20,0x20,0x20,0x20,0x20,0x20,0x61,0x6e,0x63,0x68,0x6f,0x72,0x73,0x2e,0x66,
  0x69,0x6c,0x6c,0x3a,0x20,0x70,0x61,0x72,0x65,0x6e,0x74,0xa,0x20,0x20,0x20,0x20,
  0x20,0x20,0x20,0x20,0x63,0x6f,0x6e,0x74,0x65,0x6e,0x74,0x57,0x69,0x64,0x74,0x68,
  0x3a,0x20,0x70,0x6c,0x61,0x6e,0x2e,0x77,0x69,0x64,0x74,0x68,0x20,0x2a,0x20,0x70,
  0x6c,0x61,0x6e,0x2e,0x73,0x63,0x61,0x6c,0x65,0xa,0x20,0x20,0x20,0x20,0x20,0x20,
  0x20,0x20,0x63,0x6f,0x6e,0x74,0x65,0x6e,0x74,0x48,0x65,0x69,0x67,0x68,0x74,0x3a,
  0x20,0x70,0x6c,0x61,0x6e,0x2e,0x68,0x65,0x69,0x67,0x68,0x74,0x20,0x2a,0x20,0x70,
  0x6c,0x61,0x6e,0x2e,0x73,0x63,0x61,0x6c,0x65,0xa,0x20,0x20,0x20,0x20,0x20,0x20,
  0x20,0x20,0x63,0x6c,0x69,0x70,0x3a,0x20,0x74,0x72,0x75,0x65,0xa,0xa,0x20,0x20,
  0x20,0x20,0x20,0x20,0x20,0x20,0x49,0x6d,0x61,0x67,0x65,0x20,0x7b,0xa,0x20,0x20,
  0x20,0x20,0x20,0x20,0x20,0x20,0x20,0x20,0x20,0x20,0x69,0x64,0x3a,0x20,0x70,0x6c,
  0x61,0x6e,0xa,0x20,0x20,0x20,0x20,0x20,0x20,0x20,0x20,0x20,0x20,0x20,0x20,0x73,
  0x6f,0x75,0x72,0x63,0x65,0x3a,0x20,0x6d,0x61,0x70,0x2e,0x66,0x6c,0x6f,0x6f,0x72,
  0x50,0x6c,0x61,0x6e,0x53,0x6f,0x75,0x72,0x63,0x65,0xa,0x20,0x20,0x20,0x20,0x20,
  0x20,0x20,0x20,0x20,0x20,0x20,0x20,0x74,0x72,0x61,0x6e,0x73,0x66,0x6f,0x72,0x6d,
  0x4f,0x72,0x69,0x67,0x69,0x6e,0x3a,0x20,0x49,0x74,0x65,0x6d,0x2e,0x54,0x6f,0x70,
  0x4c,0x65,0x66,0x74,0xa,0xa,0x20,0x20,0x20,0x20,0x20,0x20,0x20,0x20,0x20,0x20,
  0x20,0x20,0x2f,0x2f,0x20,0x57,0x68,0x65,0x65,0x6c,0x20,0x7a,0x6f,0x6f,0x6d,0x20,
  0x28,0x30,0x2e,0x35,0x78,0x20,0x2e,0x2e,0x20,0x34,0x78,0x29,0x20,0xe2,0x80,0x94,
  0x20,0x6f,0x66,0x66,0x6c,0x69,0x6e,0x65,0x20,0x70,0x6c,0x61,0x6e,0x73,0x20,0x73,
  0x74,0x61,0x79,0x20,0x63,0x72,0x69,0x73,0x70,0x2e,0xa,0x20,0x20,0x20,0x20,0x20,
  0x20,0x20,0x20,0x20,0x20,0x20,0x20,0x57,0x68,0x65,0x65,0x6c,0x48,0x61,0x6e,0x64,
  0x6c,0x65,0x72,0x20,0x7b,0xa,0x20,0x20,0x20,0x20,0x20,0x20,0x20,0x20,0x20,0x20,
  0x20,0x20,0x20,0x20,0x20,0x20,0x61,0x63,0x63,0x65,0x70,0x74,0x65,0x64,0x4d,0x6f,
  0x64,0x69,0x66,0x69,0x65,0x72,0x73,0x3a,0x20,0x51,0x74,0x2e,0x43,0x6f,0x6e,0x74,
  0x72,0x6f,0x6c,0x4d,0x6f,0x64,0x69,0x66,0x69,0x65,0x72,0xa,0x20,0x20,0x20,0x20,
  0x20,0x20,0x20,0x20,0x20,0x20,0x20,0x20,0x20,0x20,0x20,0x20,0x6f,0x6e,0x57,0x68,
  0x65,0x65,0x6c,0x3a,0x20,0x28,0x65,0x76,0x65,0x6e,0x74,0x29,0x20,0x3d,0x3e,0x20,
  0x7b,0xa,0x20,0x20,0x20,0x20,0x20,0x20,0x20,0x20,0x20,0x20,0x20,0x20,0x20,0x20,
  0x20,0x20,0x20,0x20,0x20,0x20,0x76,0x61,0x72,0x20,0x73,0x20,0x3d,0x20,0x70,0x6c,
  0x61,0x6e,0x2e,0x73,0x63,0x61,0x6c,0x65,0x20,0x2a,0x20,0x28,0x65,0x76,0x65,0x6e,
  0x74,0x2e,0x61,0x6e,0x67,0x6c,0x65,0x44,0x65,0x6c,0x74,0x61,0x2e,0x79,0x20,0x3e,
  0x20,0x30,0x20,0x3f,0x20,0x31,0x2e,0x31,0x35,0x20,0x3a,0x20,0x30,0x2e,0x38,0x37,
  0x29,0xa,0x20,0x20,0x20,0x20,0x20,0x20,0x20,0x20,0x20,0x20,0x20,0x20,0x20,0x20,
  0x20,0x20,0x20,0x20,0x20,0x20,0x70,0x6c,0x61,0x6e,0x2e,0x73,0x63,0x61,0x6c,0x65,
  0x20,0x3d,0x20,0x4d,0x61,0x74,0x68,0x2e,0x6d,0x61,0x78,0x28,0x30,0x2e,0x35,0x2c,
  0x20,0x4d,0x61,0x74,0x68,0x2e,0x6d,0x69,0x6e,0x28,0x34,0x2c,0x20,0x73,0x29,0x29,
  0xa,0x20,0x20,0x20,0x20,0x20,0x20,0x20,0x20,0x20,0x20,0x20,0x20,0x20,0x20,0x20,
  0x20,0x7d,0xa,0x20,0x20,0x20,0x20,0x20,0x20,0x20,0x20,0x20,0x20,0x20,0x20,0x7d,
  0xa,0xa,0x20,0x20,0x20,0x20,0x20,0x20,0x20,0x20,0x20,0x20,0x20,0x20,0x2f,0x2f,
  0x20,0x2d,0x2d,0x2d,0x20,0x43,0x61,0x6d,0x65,0x72,0x61,0x20,0x6d,0x61,0x72,0x6b,
  0x65,0x72,0x73,0x20,0x2b,0x20,0x46,0x4f,0x56,0x20,0x63,0x6f,0x6e,0x65,0x73,0x20,
  0x2d,0x2d,0x2d,0x2d,0x2d,0x2d,0x2d,0x2d,0x2d,0x2d,0x2d,0x2d,0x2d,0x2d,0x2d,0x2d,
  0x2d,0x2d,0x2d,0x2d,0x2d,0x2d,0x2d,0x2d,0x2d,0x2d,0x2d,0x2d,0x2d,0x2d,0x2d,0x2d,
  0xa,0x20,0x20,0x20,0x20,0x20,0x20,0x20,0x20,0x20,0x20,0x20,0x20,0x52,0x65,0x70,
  0x65,0x61,0x74,0x65,0x72,0x20,0x7b,0xa,0x20,0x20,0x20,0x20,0x20,0x20,0x20,0x20,
  0x20,0x20,0x20,0x20,0x20,0x20,0x20,0x20,0x6d,0x6f,0x64,0x65,0x6c,0x3a,0x20,0x6d,
  0x61,0x70,0x2e,0x63,0x61,0x6d,0x65,0x72,0x61,0x73,0xa,0xa,0x20,0x20,0x20,0x20,
  0x20,0x20,0x20,0x20,0x20,0x20,0x20,0x20,0x20,0x20,0x20,0x20,0x64,0x65,0x6c,0x65,
  0x67,0x61,0x74,0x65,0x3a,0x20,0x49,0x74,0x65,0x6d,0x20,0x7b,0xa,0x20,0x20,0x20,
  0x20,0x20,0x20,0x20,0x20,0x20,0x20,0x20,0x20,0x20,0x20,0x20,0x20,0x20,0x20,0x20,
  0x20,0x72,0x65,0x71,0x75,0x69,0x72,0x65,0x64,0x20,0x70,0x72,0x6f,0x70,0x65,0x72,
  0x74,0x79,0x20,0x76,0x61,0x72,0x20,0x6d,0x6f,0x64,0x65,0x6c,0x44,0x61,0x74,0x61,
  0xa,0x20,0x20,0x20,0x20,0x20,0x20,0x20,0x20,0x20,0x20,0x20,0x20,0x20,0x20,0x20,
  0x20,0x20,0x20,0x20,0x20,0x78,0x3a,0x20,0x6d,0x6f,0x64,0x65,0x6c,0x44,0x61,0x74,
  0x61,0x2e,0x6d,0x61,0x70,0x5f,0x78,0x20,0x2a,0x20,0x70,0x6c,0x61,0x6e,0x2e,0x77,
  0x69,0x64,0x74,0x68,0xa,0x20,0x20,0x20,0x20,0x20,0x20,0x20,0x20,0x20,0x20,0x20,
  0x20,0x20,0x20,0x20,0x20,0x20,0x20,0x20,0x20,0x79,0x3a,0x20,0x6d,0x6f,0x64,0x65,
  0x6c,0x44,0x61,0x74,0x61,0x2e,0x6d,0x61,0x70,0x5f,0x79,0x20,0x2a,0x20,0x70,0x6c,
  0x61,0x6e,0x2e,0x68,0x65,0x69,0x67,0x68,0x74,0xa,0xa,0x20,0x20,0x20,0x20,0x20,
  0x20,0x20,0x20,0x20,0x20,0x20,0x20,0x20,0x20,0x20,0x20,0x20,0x20,0x20,0x20,0x2f,
  0x2f,0x20,0x44,0x69,0x72,0x65,0x63,0x74,0x69,0x6f,0x6e,0x61,0x6c,0x20,0x46,0x4f,
  0x56,0x20,0x63,0x6f,0x6e,0x65,0x2e,0xa,0x20,0x20,0x20,0x20,0x20,0x20,0x20,0x20,
  0x20,0x20,0x20,0x20,0x20,0x20,0x20,0x20,0x20,0x20,0x20,0x20,0x43,0x61,0x6e,0x76,
  0x61,0x73,0x20,0x7b,0xa,0x20,0x20,0x20,0x20,0x20,0x20,0x20,0x20,0x20,0x20,0x20,
  0x20,0x20,0x20,0x20,0x20,0x20,0x20,0x20,0x20,0x20,0x20,0x20,0x20,0x69,0x64,0x3a,
  0x20,0x63,0x6f,0x6e,0x65,0xa,0x20,0x20,0x20,0x20,0x20,0x20,0x20,0x20,0x20,0x20,
  0x20,0x20,0x20,0x20,0x20,0x20,0x20,0x20,0x20,0x20,0x20,0x20,0x20,0x20,0x77,0x69,
  0x64,0x74,0x68,0x3a,0x20,0x31,0x32,0x30,0x3b,0x20,0x68,0x65,0x69,0x67,0x68,0x74,
  0x3a,0x20,0x31,0x32,0x30,0xa,0x20,0x20,0x20,0x20,0x20,0x20,0x20,0x20,0x20,0x20,
  0x20,0x20,0x20,0x20,0x20,0x20,0x20,0x20,0x20,0x20,0x20,0x20,0x20,0x20,0x78,0x3a,
  0x20,0x2d,0x36,0x30,0x3b,0x20,0x79,0x3a,0x20,0x2d,0x36,0x30,0xa,0x20,0x20,0x20,
  0x20,0x20,0x20,0x20,0x20,0x20,0x20,0x20,0x20,0x20,0x20,0x20,0x20,0x20,0x20,0x20,
  0x20,0x20,0x20,0x20,0x20,0x6f,0x70,0x61,0x63,0x69,0x74,0x79,0x3a,0x20,0x30,0x2e,
  0x34,0x35,0xa,0x20,0x20,0x20,0x20,0x20,0x20,0x20,0x20,0x20,0x20,0x20,0x20,0x20,
  0x20,0x20,0x20,0x20,0x20,0x20,0x20,0x20,0x20,0x20,0x20,0x6f,0x6e,0x50,0x61,0x69,
  0x6e,0x74,0x3a,0x20,0x7b,0xa,0x20,0x20,0x20,0x20,0x20,0x20,0x20,0x20,0x20,0x20,
  0x20,0x20,0x20,0x20,0x20,0x20,0x20,0x20,0x20,0x20,0x20,0x20,0x20,0x20,0x20,0x20,
  0x20,0x20,0x76,0x61,0x72,0x20,0x63,0x74,0x78,0x20,0x3d,0x20,0x67,0x65,0x74,0x43,
  0x6f,0x6e,0x74,0x65,0x78,0x74,0x28,0x22,0x32,0x64,0x22,0x29,0xa,0x20,0x20,0x20,
  0x20,0x20,0x20,0x20,0x20,0x20,0x20,0x20,0x20,0x20,0x20,0x20,0x20,0x20,0x20,0x20,
  0x20,0x20,0x20,0x20,0x20,0x20,0x20,0x20,0x20,0x63,0x74,0x78,0x2e,0x72,0x65,0x73,
  0x65,0x74,0x28,0x29,0xa,0x20,0x20,0x20,0x20,0x20,0x20,0x20,0x20,0x20,0x20,0x20,
  0x20,0x20,0x20,0x20,0x20,0x20,0x20,0x20,0x20,0x20,0x20,0x20,0x20,0x20,0x20,0x20,
  0x20,0x76,0x61,0x72,0x20,0x64,0x69,0x72,0x20,0x3d,0x20,0x28,0x6d,0x6f,0x64,0x65,
  0x6c,0x44,0x61,0x74,0x61,0x2e,0x66,0x6f,0x76,0x5f,0x64,0x69,0x72,0x65,0x63,0x74,
  0x69,0x6f,0x6e,0x20,0x7c,0x7c,0x20,0x30,0x29,0x20,0x2a,0xa,0x20,0x20,0x20,0x20,
  0x20,0x20,0x20,0x20,0x20,0x20,0x20,0x20,0x20,0x20,0x20,0x20,0x20,0x20,0x20,0x20,
  0x20,0x20,0x20,0x20,0x20,0x20,0x20,0x20,0x20,0x20,0x20,0x20,0x20,0x20,0x20,0x20,
  0x20,0x20,0x4d,0x61,0x74,0x68,0x2e,0x50,0x49,0x20,0x2f,0x20,0x31,0x38,0x30,0xa,
  0x20,0x20,0x20,0x20,0x20,0x20,0x20,0x20,0x20,0x20,0x20,0x20,0x20,0x20,0x20,0x20,
  0x20,0x20,0x20,0x20,0x20,0x20,0x20,0x20,0x20,0x20,0x20,0x20,0x76,0x61,0x72,0x20,
  0x68,0x61,0x6c,0x66,0x20,0x3d,0x20,0x28,0x28,0x6d,0x6f,0x64,0x65,0x6c,0x44,0x61,
  0x74,0x61,0x2e,0x66,0x6f,0x76,0x5f,0x61,0x6e,0x67,0x6c,0x65,0x20,0x7c,0x7c,0x20,
  0x36,0x30,0x29,0x20,0x2f,0x20,0x32,0x29,0x20,0x2a,0xa,0x20,0x20,0x20,0x20,0x20,
  0x20,0x20,0x20,0x20,0x20,0x20,0x20,0x20,0x20,0x20,0x20,0x20,0x20,0x20,0x20,0x20,
  0x20,0x20,0x20,0x20,0x20,0x20,0x20,0x20,0x20,0x20,0x20,0x20,0x20,0x20,0x20,0x20,
  0x20,0x20,0x4d,0x61,0x74,0x68,0x2e,0x50,0x49,0x20,0x2f,0x20,0x31,0x38,0x30,0xa,
  0x20,0x20,0x20,0x20,0x20,0x20,0x20,0x20,0x20,0x20,0x20,0x20,0x20,0x20,0x20,0x20,
  0x20,0x20,0x20,0x20,0x20,0x20,0x20,0x20,0x20,0x20,0x20,0x20,0x63,0x74,0x78,0x2e,
  0x62,0x65,0x67,0x69,0x6e,0x50,0x61,0x74,0x68,0x28,0x29,0xa,0x20,0x20,0x20,0x20,
  0x20,0x20,0x20,0x20,0x20,0x20,0x20,0x20,0x20,0x20,0x20,0x20,0x20,0x20,0x20,0x20,
  0x20,0x20,0x20,0x20,0x20,0x20,0x20,0x20,0x63,0x74,0x78,0x2e,0x6d,0x6f,0x76,0x65,
  0x54,0x6f,0x28,0x36,0x30,0x2c,0x20,0x36,0x30,0x29,0xa,0x20,0x20,0x20,0x20,0x20,
  0x20,0x20,0x20,0x20,0x20,0x20,0x20,0x20,0x20,0x20,0x20,0x20,0x20,0x20,0x20,0x20,
  0x20,0x20,0x20,0x20,0x20,0x20,0x20,0x63,0x74,0x78,0x2e,0x61,0x72,0x63,0x28,0x36,
  0x30,0x2c,0x20,0x36,0x30,0x2c,0x20,0x35,0x35,0x2c,0x20,0x64,0x69,0x72,0x20,0x2d,
  0x20,0x68,0x61,0x6c,0x66,0x2c,0x20,0x64,0x69,0x72,0x20,0x2b,0x20,0x68,0x61,0x6c,
  0x66,0x29,0xa,0x20,0x20,0x20,0x20,0x20,0x20,0x20,0x20,0x20,0x20,0x20,0x20,0x20,
  0x20,0x20,0x20,0x20,0x20,0x20,0x20,0x20,0x20,0x20,0x20,0x20,0x20,0x20,0x20,0x63,
  0x74,0x78,0x2e,0x63,0x6c,0x6f,0x73,0x65,0x50,0x61,0x74,0x68,0x28,0x29,0xa,0x20,
  0x20,0x20,0x20,0x20,0x20,0x20,0x20,0x20,0x20,0x20,0x20,0x20,0x20,0x20,0x20,0x20,
  0x20,0x20,0x20,0x20,0x20,0x20,0x20,0x20,0x20,0x20,0x20,0x63,0x74,0x78,0x2e,0x66,
  0x69,0x6c,0x6c,0x53,0x74,0x79,0x6c,0x65,0x20,0x3d,0x20,0x22,0x23,0x32,0x66,0x38,
  0x31,0x66,0x37,0x22,0xa,0x20,0x20,0x20,0x20,0x20,0x20,0x20,0x20,0x20,0x20,0x20,
  0x20,0x20,0x20,0x20,0x20,0x20,0x20,0x20,0x20,0x20,0x20,0x20,0x20,0x20,0x20,0x20,
  0x20,0x63,0x74,0x78,0x2e,0x66,0x69,0x6c,0x6c,0x28,0x29,0xa,0x20,0x20,0x20,0x20,
  0x20,0x20,0x20,0x20,0x20,0x20,0x20,0x20,0x20,0x20,0x20,0x20,0x20,0x20,0x20,0x20,
  0x20,0x20,0x20,0x20,0x7d,0xa,0x20,0x20,0x20,0x20,0x20,0x20,0x20,0x20,0x20,0x20,
  0x20,0x20,0x20,0x20,0x20,0x20,0x20,0x20,0x20,0x20,0x7d,0xa,0xa,0x20,0x20,0x20,
  0x20,0x20,0x20,0x20,0x20,0x20,0x20,0x20,0x20,0x20,0x20,0x20,0x20,0x20,0x20,0x20,
  0x20,0x2f,0x2f,0x20,0x4d,0x61,0x72,0x6b,0x65,0x72,0x20,0x64,0x6f,0x74,0x2e,0xa,
  0x20,0x20,0x20,0x20,0x20,0x20,0x20,0x20,0x20,0x20,0x20,0x20,0x20,0x20,0x20,0x20,
  0x20,0x20,0x20,0x20,0x52,0x65,0x63,0x74,0x61,0x6e,0x67,0x6c,0x65,0x20,0x7b,0xa,
  0x20,0x20,0x20,0x20,0x20,0x20,0x20,0x20,0x20,0x20,0x20,0x20,0x20,0x20,0x20,0x20,
  0x20,0x20,0x20,0x20,0x20,0x20,0x20,0x20,0x77,0x69,0x64,0x74,0x68,0x3a,0x20,0x31,
  0x34,0x3b,0x20,0x68,0x65,0x69,0x67,0x68,0x74,0x3a,0x20,0x31,0x34,0x3b,0x20,0x72,
  0x61,0x64,0x69,0x75,0x73,0x3a,0x20,0x37,0xa,0x20,0x20,0x20,0x20,0x20,0x20,0x20,
  0x20,0x20,0x20,0x20,0x20,0x20,0x20,0x20,0x20,0x20,0x20,0x20,0x20,0x20,0x20,0x20,
  0x20,0x78,0x3a,0x20,0x2d,0x37,0x3b,0x20,0x79,0x3a,0x20,0x2d,0x37,0xa,0x20,0x20,
  0x20,0x20,0x20,0x20,0x20,0x20,0x20,0x20,0x20,0x20,0x20,0x20,0x20,0x20,0x20,0x20,
  0x20,0x20,0x20,0x20,0x20,0x20,0x63,0x6f,0x6c,0x6f,0x72,0x3a,0x20,0x22,0x23,0x32,
  0x66,0x38,0x31,0x66,0x37,0x22,0xa,0x20,0x20,0x20,0x20,0x20,0x20,0x20,0x20,0x20,
  0x20,0x20,0x20,0x20,0x20,0x20,0x20,0x20,0x20,0x20,0x20,0x20,0x20,0x20,0x20,0x62,
  0x6f,0x72,0x64,0x65,0x72,0x2e,0x63,0x6f,0x6c,0x6f,0x72,0x3a,0x20,0x22,0x23,0x65,
  0x35,0x65,0x37,0x65,0x62,0x22,0xa,0x20,0x20,0x20,0x20,0x20,0x20,0x20,0x20,0x20,
  0x20,0x20,0x20,0x20,0x20,0x20,0x20,0x20,0x20,0x20,0x20,0x20,0x20,0x20,0x20,0x62,
  0x6f,0x72,0x64,0x65,0x72,0x2e,0x77,0x69,0x64,0x74,0x68,0x3a,0x20,0x32,0xa,0xa,
  0x20,0x20,0x20,0x20,0x20,0x20,0x20,0x20,0x20,0x20,0x20,0x20,0x20,0x20,0x20,0x20,
  0x20,0x20,0x20,0x20,0x20,0x20,0x20,0x20,0x54,0x61,0x70,0x48,0x61,0x6e,0x64,0x6c,
  0x65,0x72,0x20,0x7b,0xa,0x20,0x20,0x20,0x20,0x20,0x20,0x20,0x20,0x20,0x20,0x20,
  0x20,0x20,0x20,0x20,0x20,0x20,0x20,0x20,0x20,0x20,0x20,0x20,0x20,0x20,0x20,0x20,
  0x20,0x6f,0x6e,0x54,0x61,0x70,0x70,0x65,0x64,0x3a,0x20,0x7b,0xa,0x20,0x20,0x20,
  0x20,0x20,0x20,0x20,0x20,0x20,0x20,0x20,0x20,0x20,0x20,0x20,0x20,0x20,0x20,0x20,
  0x20,0x20,0x20,0x20,0x20,0x20,0x20,0x20,0x20,0x20,0x20,0x20,0x20,0x70,0x6f,0x70,
  0x75,0x70,0x2e,0x63,0x61,0x6d,0x65,0x72,0x61,0x55,0x75,0x69,0x64,0x20,0x3d,0x20,
  0x6d,0x6f,0x64,0x65,0x6c,0x44,0x61,0x74,0x61,0x2e,0x63,0x61,0x6d,0x65,0x72,0x61,
  0x5f,0x75,0x75,0x69,0x64,0xa,0x20,0x20,0x20,0x20,0x20,0x20,0x20,0x20,0x20,0x20,
  0x20,0x20,0x20,0x20,0x20,0x20,0x20,0x20,0x20,0x20,0x20,0x20,0x20,0x20,0x20,0x20,
  0x20,0x20,0x20,0x20,0x20,0x20,0x70,0x6f,0x70,0x75,0x70,0x2e,0x6e,0x61,0x6d,0x65,
  0x46,0x61,0x20,0x3d,0x20,0x6d,0x6f,0x64,0x65,0x6c,0x44,0x61,0x74,0x61,0x2e,0x6e,
  0x61,0x6d,0x65,0x5f,0x66,0x61,0xa,0x20,0x20,0x20,0x20,0x20,0x20,0x20,0x20,0x20,
  0x20,0x20,0x20,0x20,0x20,0x20,0x20,0x20,0x20,0x20,0x20,0x20,0x20,0x20,0x20,0x20,
  0x20,0x20,0x20,0x20,0x20,0x20,0x20,0x70,0x6f,0x70,0x75,0x70,0x2e,0x6f,0x70,0x65,
  0x6e,0x28,0x29,0xa,0x20,0x20,0x20,0x20,0x20,0x20,0x20,0x20,0x20,0x20,0x20,0x20,
  0x20,0x20,0x20,0x20,0x20,0x20,0x20,0x20,0x20,0x20,0x20,0x20,0x20,0x20,0x20,0x20,
  0x7d,0xa,0x20,0x20,0x20,0x20,0x20,0x20,0x20,0x20,0x20,0x20,0x20,0x20,0x20,0x20,
  0x20,0x20,0x20,0x20,0x20,0x20,0x20,0x20,0x20,0x20,0x7d,0xa,0x20,0x20,0x20,0x20,
  0x20,0x20,0x20,0x20,0x20,0x20,0x20,0x20,0x20,0x20,0x20,0x20,0x20,0x20,0x20,0x20,
  0x7d,0xa,0xa,0x20,0x20,0x20,0x20,0x20,0x20,0x20,0x20,0x20,0x20,0x20,0x20,0x20,
  0x20,0x20,0x20,0x20,0x20,0x20,0x20,0x2f,0x2f,0x20,0x46,0x61,0x72,0x73,0x69,0x20,
  0x63,0x61,0x6d,0x65,0x72,0x61,0x20,0x6c,0x61,0x62,0x65,0x6c,0x2e,0xa,0x20,0x20,
  0x20,0x20,0x20,0x20,0x20,0x20,0x20,0x20,0x20,0x20,0x20,0x20,0x20,0x20,0x20,0x20,
  0x20,0x20,0x4c,0x61,0x62,0x65,0x6c,0x20,0x7b,0xa,0x20,0x20,0x20,0x20,0x20,0x20,
  0x20,0x20,0x20,0x20,0x20,0x20,0x20,0x20,0x20,0x20,0x20,0x20,0x20,0x20,0x20,0x20,
  0x20,0x20,0x79,0x3a,0x20,0x31,0x30,0xa,0x20,0x20,0x20,0x20,0x20,0x20,0x20,0x20,
  0x20,0x20,0x20,0x20,0x20,0x20,0x20,0x20,0x20,0x20,0x20,0x20,0x20,0x20,0x20,0x20,
  0x61,0x6e,0x63,0x68,0x6f,0x72,0x73,0x2e,0x68,0x6f,0x72,0x69,0x7a,0x6f,0x6e,0x74,
  0x61,0x6c,0x43,0x65,0x6e,0x74,0x65,0x72,0x3a,0x20,0x70,0x61,0x72,0x65,0x6e,0x74,
  0x2e,0x68,0x6f,0x72,0x69,0x7a,0x6f,0x6e,0x74,0x61,0x6c,0x43,0x65,0x6e,0x74,0x65,
  0x72,0xa,0x20,0x20,0x20,0x20,0x20,0x20,0x20,0x20,0x20,0x20,0x20,0x20,0x20,0x20,
  0x20,0x20,0x20,0x20,0x20,0x20,0x20,0x20,0x20,0x20,0x74,0x65,0x78,0x74,0x3a,0x20,
  0x6d,0x6f,0x64,0x65,0x6c,0x44,0x61,0x74,0x61,0x2e,0x6e,0x61,0x6d,0x65,0x5f,0x66,
  0x61,0xa,0x20,0x20,0x20,0x20,0x20,0x20,0x20,0x20,0x20,0x20,0x20,0x20,0x20,0x20,
  0x20,0x20,0x20,0x20,0x20,0x20,0x20,0x20,0x20,0x20,0x63,0x6f,0x6c,0x6f,0x72,0x3a,
  0x20,0x22,0x23,0x65,0x35,0x65,0x37,0x65,0x62,0x22,0xa,0x20,0x20,0x20,0x20,0x20,
  0x20,0x20,0x20,0x20,0x20,0x20,0x20,0x20,0x20,0x20,0x20,0x20,0x20,0x20,0x20,0x20,
  0x20,0x20,0x20,0x66,0x6f,0x6e,0x74,0x2e,0x70,0x69,0x78,0x65,0x6c,0x53,0x69,0x7a,
  0x65,0x3a,0x20,0x31,0x31,0xa,0x20,0x20,0x20,0x20,0x20,0x20,0x20,0x20,0x20,0x20,
  0x20,0x20,0x20,0x20,0x20,0x20,0x20,0x20,0x20,0x20,0x20,0x20,0x20,0x20,0x66,0x6f,
  0x6e,0x74,0x2e,0x66,0x61,0x6d,0x69,0x6c,0x79,0x3a,0x20,0x22,0x56,0x61,0x7a,0x69,
  0x72,0x6d,0x61,0x74,0x6e,0x22,0xa,0x20,0x20,0x20,0x20,0x20,0x20,0x20,0x20,0x20,
  0x20,0x20,0x20,0x20,0x20,0x20,0x20,0x20,0x20,0x20,0x20,0x7d,0xa,0x20,0x20,0x20,
  0x20,0x20,0x20,0x20,0x20,0x20,0x20,0x20,0x20,0x20,0x20,0x20,0x20,0x7d,0xa,0x20,
  0x20,0x20,0x20,0x20,0x20,0x20,0x20,0x20,0x20,0x20,0x20,0x7d,0xa,0x20,0x20,0x20,
  0x20,0x20,0x20,0x20,0x20,0x7d,0xa,0x20,0x20,0x20,0x20,0x7d,0xa,0xa,0x20,0x20,
  0x20,0x20,0x2f,0x2f,0x20,0x2d,0x2d,0x2d,0x20,0x46,0x6c,0x6f,0x61,0x74,0x69,0x6e,
  0x67,0x20,0x6c,0x69,0x76,0x65,0x20,0x76,0x69,0x64,0x65,0x6f,0x20,0x70,0x6f,0x70,
  0x75,0x70,0x20,0x2d,0x2d,0x2d,0x2d,0x2d,0x2d,0x2d,0x2d,0x2d,0x2d,0x2d,0x2d,0x2d,
  0x2d,0x2d,0x2d,0x2d,0x2d,0x2d,0x2d,0x2d,0x2d,0x2d,0x2d,0x2d,0x2d,0x2d,0x2d,0x2d,
  0x2d,0x2d,0x2d,0x2d,0x2d,0x2d,0x2d,0x2d,0x2d,0x2d,0x2d,0x2d,0x2d,0x2d,0x2d,0xa,
  0x20,0x20,0x20,0x20,0x50,0x6f,0x70,0x75,0x70,0x20,0x7b,0xa,0x20,0x20,0x20,0x20,
  0x20,0x20,0x20,0x20,0x69,0x64,0x3a,0x20,0x70,0x6f,0x70,0x75,0x70,0xa,0x20,0x20,
  0x20,0x20,0x20,0x20,0x20,0x20,0x70,0x72,0x6f,0x70,0x65,0x72,0x74,0x79,0x20,0x73,
  0x74,0x72,0x69,0x6e,0x67,0x20,0x63,0x61,0x6d,0x65,0x72,0x61,0x55,0x75,0x69,0x64,
  0x3a,0x20,0x22,0x22,0xa,0x20,0x20,0x20,0x20,0x20,0x20,0x20,0x20,0x70,0x72,0x6f,
  0x70,0x65,0x72,0x74,0x79,0x20,0x73,0x74,0x72,0x69,0x6e,0x67,0x20,0x6e,0x61,0x6d,
  0x65,0x46,0x61,0x3a,0x20,0x22,0x22,0xa,0xa,0x20,0x20,0x20,0x20,0x20,0x20,0x20,
  0x20,0x77,0x69,0x64,0x74,0x68,0x3a,0x20,0x34,0x32,0x30,0xa,0x20,0x20,0x20,0x20,
  0x20,0x20,0x20,0x20,0x68,0x65,0x69,0x67,0x68,0x74,0x3a,0x20,0x32,0x38,0x30,0xa,
  0x20,0x20,0x20,0x20,0x20,0x20,0x20,0x20,0x78,0x3a,0x20,0x28,0x6d,0x61,0x70,0x2e,
  0x77,0x69,0x64,0x74,0x68,0x20,0x2d,0x20,0x77,0x69,0x64,0x74,0x68,0x29,0x20,0x2f,
  0x20,0x32,0xa,0x20,0x20,0x20,0x20,0x20,0x20,0x20,0x20,0x79,0x3a,0x20,0x28,0x6d,
  0x61,0x70,0x2e,0x68,0x65,0x69,0x67,0x68,0x74,0x20,0x2d,0x20,0x68,0x65,0x69,0x67,
  0x68,0x74,0x29,0x20,0x2f,0x20,0x32,0xa,0x20,0x20,0x20,0x20,0x20,0x20,0x20,0x20,
  0x6d,0x6f,0x64,0x61,0x6c,0x3a,0x20,0x66,0x61,0x6c,0x73,0x65,0xa,0x20,0x20,0x20,
  0x20,0x20,0x20,0x20,0x20,0x63,0x6c,0x6f,0x73,0x65,0x50,0x6f,0x6c,0x69,0x63,0x79,
  0x3a,0x20,0x50,0x6f,0x70,0x75,0x70,0x2e,0x43,0x6c,0x6f,0x73,0x65,0x4f,0x6e,0x45,
  0x73,0x63,0x61,0x70,0x65,0xa,0xa,0x20,0x20,0x20,0x20,0x20,0x20,0x20,0x20,0x2f,
  0x2f,0x20,0x4d,0x61,0x70,0x20,0x70,0x6f,0x70,0x75,0x70,0x73,0x20,0x75,0x73,0x65,
  0x20,0x61,0x20,0x72,0x65,0x73,0x65,0x72,0x76,0x65,0x64,0x20,0x68,0x69,0x67,0x68,
  0x20,0x63,0x65,0x6c,0x6c,0x20,0x69,0x6e,0x64,0x65,0x78,0x20,0x72,0x61,0x6e,0x67,
  0x65,0x20,0x73,0x6f,0x20,0x74,0x68,0x65,0x79,0x20,0x6e,0x65,0x76,0x65,0x72,0xa,
  0x20,0x20,0x20,0x20,0x20,0x20,0x20,0x20,0x2f,0x2f,0x20,0x63,0x6f,0x6c,0x6c,0x69,
  0x64,0x65,0x20,0x77,0x69,0x74,0x68,0x20,0x67,0x72,0x69,0x64,0x20,0x63,0x65,0x6c,
  0x6c,0x20,0x73,0x65,0x73,0x73,0x69,0x6f,0x6e,0x73,0x2e,0xa,0x20,0x20,0x20,0x20,
  0x20,0x20,0x20,0x20,0x72,0x65,0x61,0x64,0x6f,0x6e,0x6c,0x79,0x20,0x70,0x72,0x6f,
  0x70,0x65,0x72,0x74,0x79,0x20,0x69,0x6e,0x74,0x20,0x70,0x6f,0x70,0x75,0x70,0x43,
  0x65,0x6c,0x6c,0x49,0x6e,0x64,0x65,0x78,0x3a,0x20,0x31,0x30,0x30,0x30,0x30,0xa,
  0xa,0x20,0x20,0x20,0x20,0x20,0x20,0x20,0x20,0x62,0x61,0x63,0x6b,0x67,0x72,0x6f,
  0x75,0x6e,0x64,0x3a,0x20,0x52,0x65,0x63,0x74,0x61,0x6e,0x67,0x6c,0x65,0x20,0x7b,
  0xa,0x20,0x20,0x20,0x20,0x20,0x20,0x20,0x20,0x20,0x20,0x20,0x20,0x63,0x6f,0x6c,
  0x6f,0x72,0x3a,0x20,0x22,0x23,0x30,0x64,0x31,0x31,0x31,0x37,0x22,0xa,0x20,0x20,
  0x20,0x20,0x20,0x20,0x20,0x20,0x20,0x20,0x20,0x20,0x62,0x6f,0x72,0x64,0x65,0x72,
  0x2e,0x63,0x6f,0x6c,0x6f,0x72,0x3a,0x20,0x22,0x23,0x32,0x66,0x38,0x31,0x66,0x37,
  0x22,0xa,0x20,0x20,0x20,0x20,0x20,0x20,0x20,0x20,0x20,0x20,0x20,0x20,0x72,0x61,
  0x64,0x69,0x75,0x73,0x3a,0x20,0x36,0xa,0x20,0x20,0x20,0x20,0x20,0x20,0x20,0x20,
  0x7d,0xa,0xa,0x20,0x20,0x20,0x20,0x20,0x20,0x20,0x20,0x63,0x6f,0x6e,0x74,0x65,
  0x6e,0x74,0x49,0x74,0x65,0x6d,0x3a,0x20,0x43,0x6f,0x6c,0x75,0x6d,0x6e,0x20,0x7b,
  0xa,0x20,0x20,0x20,0x20,0x20,0x20,0x20,0x20,0x20,0x20,0x20,0x20,0x73,0x70,0x61,
  0x63,0x69,0x6e,0x67,0x3a,0x20,0x34,0xa,0xa,0x20,0x20,0x20,0x20,0x20,0x20,0x20,
  0x20,0x20,0x20,0x20,0x20,0x52,0x6f,0x77,0x20,0x7b,0xa,0x20,0x20,0x20,0x20,0x20,
  0x20,0x20,0x20,0x20,0x20,0x20,0x20,0x20,0x20,0x20,0x20,0x77,0x69,0x64,0x74,0x68,
  0x3a,0x20,0x70,0x61,0x72,0x65,0x6e,0x74,0x2e,0x77,0x69,0x64,0x74,0x68,0xa,0x20,
  0x20,0x20,0x20,0x20,0x20,0x20,0x20,0x20,0x20,0x20,0x20,0x20,0x20,0x20,0x20,0x6c,
  0x61,0x79,0x6f,0x75,0x74,0x44,0x69,0x72,0x65,0x63,0x74,0x69,0x6f,0x6e,0x3a,0x20,
  0x51,0x74,0x2e,0x52,0x69,0x67,0x68,0x74,0x54,0x6f,0x4c,0x65,0x66,0x74,0xa,0x20,
  0x20,0x20,0x20,0x20,0x20,0x20,0x20,0x20,0x20,0x20,0x20,0x20,0x20,0x20,0x20,0x73,
  0x70,0x61,0x63,0x69,0x6e,0x67,0x3a,0x20,0x38,0xa,0xa,0x20,0x20,0x20,0x20,0x20,
  0x20,0x20,0x20,0x20,0x20,0x20,0x20,0x20,0x20,0x20,0x20,0x4c,0x61,0x62,0x65,0x6c,
  0x20,0x7b,0xa,0x20,0x20,0x20,0x20,0x20,0x20,0x20,0x20,0x20,0x20,0x20,0x20,0x20,
  0x20,0x20,0x20,0x20,0x20,0x20,0x20,0x74,0x65,0x78,0x74,0x3a,0x20,0x70,0x6f,0x70,
  0x75,0x70,0x2e,0x6e,0x61,0x6d,0x65,0x46,0x61,0xa,0x20,0x20,0x20,0x20,0x20,0x20,
  0x20,0x20,0x20,0x20,0x20,0x20,0x20,0x20,0x20,0x20,0x20,0x20,0x20,0x20,0x63,0x6f,
  0x6c,0x6f,0x72,0x3a,0x20,0x22,0x23,0x65,0x35,0x65,0x37,0x65,0x62,0x22,0xa,0x20,
  0x20,0x20,0x20,0x20,0x20,0x20,0x20,0x20,0x20,0x20,0x20,0x20,0x20,0x20,0x20,0x20,
  0x20,0x20,0x20,0x66,0x6f,0x6e,0x74,0x2e,0x62,0x6f,0x6c,0x64,0x3a,0x20,0x74,0x72,
  0x75,0x65,0xa,0x20,0x20,0x20,0x20,0x20,0x20,0x20,0x20,0x20,0x20,0x20,0x20,0x20,
  0x20,0x20,0x20,0x7d,0xa,0x20,0x20,0x20,0x20,0x20,0x20,0x20,0x20,0x20,0x20,0x20,
  0x20,0x20,0x20,0x20,0x20,0x49,0x74,0x65,0x6d,0x20,0x7b,0x20,0x77,0x69,0x64,0x74,
  0x68,0x3a,0x20,0x70,0x61,0x72,0x65,0x6e,0x74,0x2e,0x77,0x69,0x64,0x74,0x68,0x20,
  0x2d,0x20,0x31,0x34,0x30,0x3b,0x20,0x68,0x65,0x69,0x67,0x68,0x74,0x3a,0x20,0x31,
  0x20,0x7d,0xa,0x20,0x20,0x20,0x20,0x20,0x20,0x20,0x20,0x20,0x20,0x20,0x20,0x20,
  0x20,0x20,0x20,0x54,0x6f,0x6f,0x6c,0x42,0x75,0x74,0x74,0x6f,0x6e,0x20,0x7b,0xa,
  0x20,0x20,0x20,0x20,0x20,0x20,0x20,0x20,0x20,0x20,0x20,0x20,0x20,0x20,0x20,0x20,
  0x20,0x20,0x20,0x20,0x74,0x65,0x78,0x74,0x3a,0x20,0x22,0xd8,0xa8,0xd8,0xb3,0xd8,
  0xaa,0xd9,0x86,0x22,0xa,0x20,0x20,0x20,0x20,0x20,0x20,0x20,0x20,0x20,0x20,0x20,
  0x20,0x20,0x20,0x20,0x20,0x20,0x20,0x20,0x20,0x6f,0x6e,0x43,0x6c,0x69,0x63,0x6b,
  0x65,0x64,0x3a,0x20,0x70,0x6f,0x70,0x75,0x70,0x2e,0x63,0x6c,0x6f,0x73,0x65,0x28,
  0x29,0xa,0x20,0x20,0x20,0x20,0x20,0x20,0x20,0x20,0x20,0x20,0x20,0x20,0x20,0x20,
  0x20,0x20,0x7d,0xa,0x20,0x20,0x20,0x20,0x20,0x20,0x20,0x20,0x20,0x20,0x20,0x20,
  0x7d,0xa,0xa,0x20,0x20,0x20,0x20,0x20,0x20,0x20,0x20,0x20,0x20,0x20,0x20,0x56,
  0x69,0x64,0x65,0x6f,0x4f,0x75,0x74,0x70,0x75,0x74,0x20,0x7b,0xa,0x20,0x20,0x20,
  0x20,0x20,0x20,0x20,0x20,0x20,0x20,0x20,0x20,0x20,0x20,0x20,0x20,0x69,0x64,0x3a,
  0x20,0x70,0x6f,0x70,0x75,0x70,0x56,0x69,0x64,0x65,0x6f,0xa,0x20,0x20,0x20,0x20,
  0x20,0x20,0x20,0x20,0x20,0x20,0x20,0x20,0x20,0x20,0x20,0x20,0x77,0x69,0x64,0x74,
  0x68,0x3a,0x20,0x70,0x61,0x72,0x65,0x6e,0x74,0x2e,0x77,0x69,0x64,0x74,0x68,0xa,
  0x20,0x20,0x20,0x20,0x20,0x20,0x20,0x20,0x20,0x20,0x20,0x20,0x20,0x20,0x20,0x20,
  0x68,0x65,0x69,0x67,0x68,0x74,0x3a,0x20,0x70,0x61,0x72,0x65,0x6e,0x74,0x2e,0x68,
  0x65,0x69,0x67,0x68,0x74,0x20,0x2d,0x20,0x33,0x36,0xa,0x20,0x20,0x20,0x20,0x20,
  0x20,0x20,0x20,0x20,0x20,0x20,0x20,0x20,0x20,0x20,0x20,0x66,0x69,0x6c,0x6c,0x4d,
  0x6f,0x64,0x65,0x3a,0x20,0x56,0x69,0x64,0x65,0x6f,0x4f,0x75,0x74,0x70,0x75,0x74,
  0x2e,0x50,0x72,0x65,0x73,0x65,0x72,0x76,0x65,0x41,0x73,0x70,0x65,0x63,0x74,0x46,
  0x69,0x74,0xa,0x20,0x20,0x20,0x20,0x20,0x20,0x20,0x20,0x20,0x20,0x20,0x20,0x7d,
  0xa,0x20,0x20,0x20,0x20,0x20,0x20,0x20,0x20,0x7d,0xa,0xa,0x20,0x20,0x20,0x20,
  0x20,0x20,0x20,0x20,0x6f,0x6e,0x4f,0x70,0x65,0x6e,0x65,0x64,0x3a,0x20,0x73,0x74,
  0x72,0x65,0x61,0x6d,0x43,0x6f,0x6e,0x74,0x72,0x6f,0x6c,0x6c,0x65,0x72,0x2e,0x61,
  0x74,0x74,0x61,0x63,0x68,0x4c,0x69,0x76,0x65,0x28,0xa,0x20,0x20,0x20,0x20,0x20,
  0x20,0x20,0x20,0x20,0x20,0x20,0x20,0x20,0x20,0x20,0x20,0x20,0x20,0x20,0x20,0x20,
  0x20,0x70,0x6f,0x70,0x75,0x70,0x43,0x65,0x6c,0x6c,0x49,0x6e,0x64,0x65,0x78,0x2c,
  0x20,0x63,0x61,0x6d,0x65,0x72,0x61,0x55,0x75,0x69,0x64,0x2c,0x20,0x22,0x6d,0x69,
  0x64,0x22,0x2c,0x20,0x70,0x6f,0x70,0x75,0x70,0x56,0x69,0x64,0x65,0x6f,0x2e,0x76,
  0x69,0x64,0x65,0x6f,0x53,0x69,0x6e,0x6b,0x29,0xa,0x20,0x20,0x20,0x20,0x20,0x20,
  0x20,0x20,0x6f,0x6e,0x43,0x6c,0x6f,0x73,0x65,0x64,0x3a,0x20,0x73,0x74,0x72,0x65,
  0x61,0x6d,0x43,0x6f,0x6e,0x74,0x72,0x6f,0x6c,0x6c,0x65,0x72,0x2e,0x64,0x65,0x74,
  0x61,0x63,0x68,0x28,0x70,0x6f,0x70,0x75,0x70,0x43,0x65,0x6c,0x6c,0x49,0x6e,0x64,
  0x65,0x78,0x29,0xa,0x20,0x20,0x20,0x20,0x7d,0xa,0xa,0x20,0x20,0x20,0x20,0x2f,
  0x2f,0x20,0x45,0x6d,0x70,0x74,0x79,0x2d,0x73,0x74,0x61,0x74,0x65,0x20,0x68,0x69,
  0x6e,0x74,0x2e,0xa,0x20,0x20,0x20,0x20,0x4c,0x61,0x62,0x65,0x6c,0x20,0x7b,0xa,
  0x20,0x20,0x20,0x20,0x20,0x20,0x20,0x20,0x61,0x6e,0x63,0x68,0x6f,0x72,0x73,0x2e,
  0x63,0x65,0x6e,0x74,0x65,0x72,0x49,0x6e,0x3a,0x20,0x70,0x61,0x72,0x65,0x6e,0x74,
  0xa,0x20,0x20,0x20,0x20,0x20,0x20,0x20,0x20,0x76,0x69,0x73,0x69,0x62,0x6c,0x65,
  0x3a,0x20,0x6d,0x61,0x70,0x2e,0x66,0x6c,0x6f,0x6f,0x72,0x50,0x6c,0x61,0x6e,0x53,
  0x6f,0x75,0x72,0x63,0x65,0x2e,0x74,0x6f,0x53,0x74,0x72,0x69,0x6e,0x67,0x28,0x29,
  0x2e,0x6c,0x65,0x6e,0x67,0x74,0x68,0x20,0x3d,0x3d,0x3d,0x20,0x30,0xa,0x20,0x20,
  0x20,0x20,0x20,0x20,0x20,0x20,0x74,0x65,0x78,0x74,0x3a,0x20,0x22,0xd9,0x86,0xd9,
  0x82,0xd8,0xb4,0xd9,0x87,0xe2,0x80,0x8c,0xd8,0xa7,0xdb,0x8c,0x20,0xd8,0xa8,0xd8,
  0xa7,0xd8,0xb1,0xda,0xaf,0xd8,0xb0,0xd8,0xa7,0xd8,0xb1,0xdb,0x8c,0x20,0xd9,0x86,
  0xd8,0xb4,0xd8,0xaf,0xd9,0x87,0x20,0xd8,0xa7,0xd8,0xb3,0xd8,0xaa,0x20,0xe2,0x80,
  0x94,0x20,0xd8,0xa7,0xd8,0xb2,0x20,0xd8,0xaa,0xd9,0x86,0xd8,0xb8,0xdb,0x8c,0xd9,
  0x85,0xd8,0xa7,0xd8,0xaa,0x20,0xd8,0xb3,0xd8,0xb1,0xd9,0x88,0xd8,0xb1,0xd8,0x8c,
  0x20,0xd9,0x86,0xd9,0x82,0xd8,0xb4,0xd9,0x87,0x20,0xd8,0xb7,0xd8,0xa8,0xd9,0x82,
  0xd9,0x87,0x20,0xd8,0xb1,0xd8,0xa7,0x20,0xd8,0xa8,0xd8,0xa7,0xd8,0xb1,0xda,0xaf,
  0xd8,0xb0,0xd8,0xa7,0xd8,0xb1,0xdb,0x8c,0x20,0xda,0xa9,0xd9,0x86,0xdb,0x8c,0xd8,
  0xaf,0x22,0xa,0x20,0x20,0x20,0x20,0x20,0x20,0x20,0x20,0x63,0x6f,0x6c,0x6f,0x72,
  0x3a,0x20,0x22,0x23,0x34,0x62,0x35,0x35,0x36,0x33,0x22,0xa,0x20,0x20,0x20,0x20,
  0x20,0x20,0x20,0x20,0x66,0x6f,0x6e,0x74,0x2e,0x70,0x69,0x78,0x65,0x6c,0x53,0x69,
  0x7a,0x65,0x3a,0x20,0x31,0x33,0xa,0x20,0x20,0x20,0x20,0x7d,0xa,0x7d,0xa,
    // GridEngine.qml
  0x0,0x0,0x18,0x5b,
  0x2f,
  0x2f,0x20,0x3d,0x3d,0x3d,0x3d,0x3d,0x3d,0x3d,0x3d,0x3d,0x3d,0x3d,0x3d,0x3d,0x3d,
  0x3d,0x3d,0x3d,0x3d,0x3d,0x3d,0x3d,0x3d,0x3d,0x3d,0x3d,0x3d,0x3d,0x3d,0x3d,0x3d,
  0x3d,0x3d,0x3d,0x3d,0x3d,0x3d,0x3d,0x3d,0x3d,0x3d,0x3d,0x3d,0x3d,0x3d,0x3d,0x3d,
  0x3d,0x3d,0x3d,0x3d,0x3d,0x3d,0x3d,0x3d,0x3d,0x3d,0x3d,0x3d,0x3d,0x3d,0x3d,0x3d,
  0x3d,0x3d,0x3d,0x3d,0x3d,0x3d,0x3d,0x3d,0x3d,0x3d,0x3d,0x3d,0x3d,0x3d,0x3d,0xa,
  0x2f,0x2f,0x20,0x47,0x72,0x69,0x64,0x45,0x6e,0x67,0x69,0x6e,0x65,0x20,0xe2,0x80,
  0x94,0x20,0x68,0x79,0x70,0x65,0x72,0x2d,0x63,0x75,0x73,0x74,0x6f,0x6d,0x69,0x7a,
  0x61,0x62,0x6c,0x65,0x20,0x76,0x69,0x64,0x65,0x6f,0x20,0x77,0x61,0x6c,0x6c,0x20,
  0x72,0x65,0x6e,0x64,0x65,0x72,0x65,0x72,0x2e,0xa,0x2f,0x2f,0xa,0x2f,0x2f,0x20,
  0x41,0x70,0x70,0x6c,0x69,0x65,0x73,0x20,0x61,0x20,0x47,0x72,0x69,0x64,0x4c,0x61,
  0x79,0x6f,0x75,0x74,0x2e,0x6c,0x61,0x79,0x6f,0x75,0x74,0x5f,0x6a,0x73,0x6f,0x6e,
  0x20,0x64,0x6f,0x63,0x75,0x6d,0x65,0x6e,0x74,0x20,0x66,0x72,0x6f,0x6d,0x20,0x44,
  0x6a,0x61,0x6e,0x67,0x6f,0x3a,0xa,0x2f,0x2f,0x20,0x20,0x20,0x7b,0x20,0x22,0x67,
  0x72,0x69,0x64,0x22,0x3a,0x20,0x7b,0x20,0x22,0x63,0x6f,0x6c,0x73,0x22,0x3a,0x20,
  0x34,0x2c,0x20,0x22,0x72,0x6f,0x77,0x73,0x22,0x3a,0x20,0x33,0x20,0x7d,0x2c,0xa,
  0x2f,0x2f,0x20,0x20,0x20,0x20,0x20,0x22,0x63,0x65,0x6c,0x6c,0x73,0x22,0x3a,0x20,
  0x5b,0x20,0x7b,0x20,0x22,0x78,0x22,0x3a,0x30,0x2c,0x20,0x22,0x79,0x22,0x3a,0x30,
  0x2c,0x20,0x22,0x77,0x22,0x3a,0x32,0x2c,0x20,0x22,0x68,0x22,0x3a,0x32,0x2c,0x20,
  0x22,0x63,0x61,0x6d,0x65,0x72,0x61,0x5f,0x75,0x75,0x69,0x64,0x22,0x3a,0x20,0x22,
  0x2e,0x2e,0x2e,0x22,0x20,0x7d,0x2c,0x20,0x2e,0x2e,0x2e,0x20,0x5d,0x20,0x7d,0xa,
  0x2f,0x2f,0xa,0x2f,0x2f,0x20,0x43,0x65,0x6c,0x6c,0x73,0x20,0x6d,0x61,0x79,0x20,
  0x73,0x70,0x61,0x6e,0x20,0x6d,0x75,0x6c,0x74,0x69,0x70,0x6c,0x65,0x20,0x63,0x6f,
  0x6c,0x75,0x6d,0x6e,0x73,0x2f,0x72,0x6f,0x77,0x73,0x20,0x28,0x6d,0x65,0x72,0x67,
  0x65,0x64,0x20,0x63,0x65,0x6c,0x6c,0x73,0x29,0x2e,0x20,0x43,0x6f,0x6f,0x72,0x64,
  0x69,0x6e,0x61,0x74,0x65,0x73,0x20,0x61,0x72,0x65,0x20,0x73,0x74,0x6f,0x72,0x65,
  0x64,0xa,0x2f,0x2f,0x20,0x4c,0x54,0x52,0x20,0x69,0x6e,0x20,0x74,0x68,0x65,0x20,
  0x64,0x61,0x74,0x61,0x62,0x61,0x73,0x65,0x3b,0x20,0x62,0x65,0x63,0x61,0x75,0x73,
  0x65,0x20,0x74,0x68,0x65,0x20,0x77,0x68,0x6f,0x6c,0x65,0x20,0x61,0x70,0x70,0x20,
  0x69,0x73,0x20,0x6d,0x69,0x72,0x72,0x6f,0x72,0x65,0x64,0x20,0x28,0x4c,0x61,0x79,
  0x6f,0x75,0x74,0x4d,0x69,0x72,0x72,0x6f,0x72,0x69,0x6e,0x67,0x29,0x2c,0xa,0x2f,
  0x2f,0x20,0x63,0x65,0x6c,0x6c,0x20,0x78,0x2d,0x70,0x6f,0x73,0x69,0x74,0x69,0x6f,
  0x6e,0x73,0x20,0x61,0x72,0x65,0x20,0x66,0x6c,0x69,0x70,0x70,0x65,0x64,0x20,0x68,
  0x65,0x72,0x65,0x20,0x73,0x6f,0x20,0x74,0x68,0x65,0x20,0x70,0x65,0x72,0x73,0x69,
  0x73,0x74,0x65,0x64,0x20,0x6c,0x61,0x79,0x6f,0x75,0x74,0x20,0x73,0x74,0x61,0x79,
  0x73,0xa,0x2f,0x2f,0x20,0x64,0x69,0x72,0x65,0x63,0x74,0x69,0x6f,0x6e,0x2d,0x61,
  0x67,0x6e,0x6f,0x73,0x74,0x69,0x63,0x20,0x77,0x68,0x69,0x6c,0x65,0x20,0x74,0x68,
  0x65,0x20,0x6f,0x6e,0x2d,0x73,0x63,0x72,0x65,0x65,0x6e,0x20,0x72,0x65,0x73,0x75,
  0x6c,0x74,0x20,0x69,0x73,0x20,0x70,0x72,0x6f,0x70,0x65,0x72,0x20,0x52,0x54,0x4c,
  0x2e,0xa,0x2f,0x2f,0x20,0x3d,0x3d,0x3d,0x3d,0x3d,0x3d,0x3d,0x3d,0x3d,0x3d,0x3d,
  0x3d,0x3d,0x3d,0x3d,0x3d,0x3d,0x3d,0x3d,0x3d,0x3d,0x3d,0x3d,0x3d,0x3d,0x3d,0x3d,
  0x3d,0x3d,0x3d,0x3d,0x3d,0x3d,0x3d,0x3d,0x3d,0x3d,0x3d,0x3d,0x3d,0x3d,0x3d,0x3d,
  0x3d,0x3d,0x3d,0x3d,0x3d,0x3d,0x3d,0x3d,0x3d,0x3d,0x3d,0x3d,0x3d,0x3d,0x3d,0x3d,
  0x3d,0x3d,0x3d,0x3d,0x3d,0x3d,0x3d,0x3d,0x3d,0x3d,0x3d,0x3d,0x3d,0x3d,0x3d,0x3d,
  0x3d,0x3d,0xa,0x69,0x6d,0x70,0x6f,0x72,0x74,0x20,0x51,0x74,0x51,0x75,0x69,0x63,
  0x6b,0xa,0x69,0x6d,0x70,0x6f,0x72,0x74,0x20,0x51,0x74,0x51,0x75,0x69,0x63,0x6b,
  0x2e,0x43,0x6f,0x6e,0x74,0x72,0x6f,0x6c,0x73,0xa,0xa,0x52,0x65,0x63,0x74,0x61,
  0x6e,0x67,0x6c,0x65,0x20,0x7b,0xa,0x20,0x20,0x20,0x20,0x69,0x64,0x3a,0x20,0x65,
  0x6e,0x67,0x69,0x6e,0x65,0xa,0x20,0x20,0x20,0x20,0x63,0x6f,0x6c,0x6f,0x72,0x3a,
  0x20,0x22,0x23,0x30,0x62,0x30,0x65,0x31,0x32,0x22,0xa,0xa,0x20,0x20,0x20,0x20,
  0x2f,0x2f,0x20,0x2d,0x2d,0x2d,0x2d,0x20,0x50,0x75,0x62,0x6c,0x69,0x63,0x20,0x41,
  0x50,0x49,0x20,0x2d,0x2d,0x2d,0x2d,0x2d,0x2d,0x2d,0x2d,0x2d,0x2d,0x2d,0x2d,0x2d,
  0x2d,0x2d,0x2d,0x2d,0x2d,0x2d,0x2d,0x2d,0x2d,0x2d,0x2d,0x2d,0x2d,0x2d,0x2d,0x2d,
  0x2d,0x2d,0x2d,0x2d,0x2d,0x2d,0x2d,0x2d,0x2d,0x2d,0x2d,0x2d,0x2d,0x2d,0x2d,0x2d,
  0x2d,0x2d,0x2d,0x2d,0x2d,0x2d,0x2d,0x2d,0x2d,0x2d,0x2d,0x2d,0x2d,0xa,0x20,0x20,
  0x20,0x20,0x2f,0x2f,0x20,0x54,0x68,0x65,0x20,0x76,0x61,0x6c,0x69,0x64,0x61,0x74,
  0x65,0x64,0x20,0x6c,0x61,0x79,0x6f,0x75,0x74,0x5f,0x6a,0x73,0x6f,0x6e,0x20,0x6f,
  0x62,0x6a,0x65,0x63,0x74,0x20,0x28,0x61,0x6c,0x72,0x65,0x61,0x64,0x79,0x20,0x70,
  0x61,0x72,0x73,0x65,0x64,0x20,0x74,0x6f,0x20,0x61,0x20,0x4a,0x53,0x20,0x6f,0x62,
  0x6a,0x65,0x63,0x74,0x29,0x2e,0xa,0x20,0x20,0x20,0x20,0x70,0x72,0x6f,0x70,0x65,
  0x72,0x74,0x79,0x20,0x76,0x61,0x72,0x20,0x6c,0x61,0x79,0x6f,0x75,0x74,0x4a,0x73,
  0x6f,0x6e,0x3a,0x20,0x28,0x7b,0x20,0x67,0x72,0x69,0x64,0x3a,0x20,0x7b,0x20,0x63,
  0x6f,0x6c,0x73,0x3a,0x20,0x32,0x2c,0x20,0x72,0x6f,0x77,0x73,0x3a,0x20,0x32,0x20,
  0x7d,0x2c,0x20,0x63,0x65,0x6c,0x6c,0x73,0x3a,0x20,0x5b,0xa,0x20,0x20,0x20,0x20,
  0x20,0x20,0x20,0x20,0x7b,0x20,0x78,0x3a,0x20,0x30,0x2c,0x20,0x79,0x3a,0x20,0x30,
  0x2c,0x20,0x77,0x3a,0x20,0x31,0x2c,0x20,0x68,0x3a,0x20,0x31,0x2c,0x20,0x63,0x61,
  0x6d,0x65,0x72,0x61,0x5f,0x75,0x75,0x69,0x64,0x3a,0x20,0x6e,0x75,0x6c,0x6c,0x20,
  0x7d,0x2c,0xa,0x20,0x20,0x20,0x20,0x20,0x20,0x20,0x20,0x7b,0x20,0x78,0x3a,0x20,
  0x31,0x2c,0x20,0x79,0x3a,0x20,0x30,0x2c,0x20,0x77,0x3a,0x20,0x31,0x2c,0x20,0x68,
  0x3a,0x20,0x31,0x2c,0x20,0x63,0x61,0x6d,0x65,0x72,0x61,0x5f,0x75,0x75,0x69,0x64,
  0x3a,0x20,0x6e,0x75,0x6c,0x6c,0x20,0x7d,0x2c,0xa,0x20,0x20,0x20,0x20,0x20,0x20,
  0x20,0x20,0x7b,0x20,0x78,0x3a,0x20,0x30,0x2c,0x20,0x79,0x3a,0x20,0x31,0x2c,0x20,
  0x77,0x3a,0x20,0x31,0x2c,0x20,0x68,0x3a,0x20,0x31,0x2c,0x20,0x63,0x61,0x6d,0x65,
  0x72,0x61,0x5f,0x75,0x75,0x69,0x64,0x3a,0x20,0x6e,0x75,0x6c,0x6c,0x20,0x7d,0x2c,
  0xa,0x20,0x20,0x20,0x20,0x20,0x20,0x20,0x20,0x7b,0x20,0x78,0x3a,0x20,0x31,0x2c,
  0x20,0x79,0x3a,0x20,0x31,0x2c,0x20,0x77,0x3a,0x20,0x31,0x2c,0x20,0x68,0x3a,0x20,
  0x31,0x2c,0x20,0x63,0x61,0x6d,0x65,0x72,0x61,0x5f,0x75,0x75,0x69,0x64,0x3a,0x20,
  0x6e,0x75,0x6c,0x6c,0x20,0x7d,0x20,0x5d,0x20,0x7d,0x29,0xa,0xa,0x20,0x20,0x20,
  0x20,0x2f,0x2f,0x20,0x49,0x6e,0x64,0x65,0x78,0x20,0x6f,0x66,0x20,0x74,0x68,0x65,
  0x20,0x6f,0x70,0x65,0x72,0x61,0x74,0x6f,0x72,0x2d,0x66,0x6f,0x63,0x75,0x73,0x65,
  0x64,0x20,0x63,0x65,0x6c,0x6c,0x20,0x28,0x72,0x65,0x63,0x65,0x69,0x76,0x65,0x73,
  0x20,0x63,0x61,0x6d,0x65,0x72,0x61,0x20,0x61,0x73,0x73,0x69,0x67,0x6e,0x6d,0x65,
  0x6e,0x74,0x73,0x29,0x2e,0xa,0x20,0x20,0x20,0x20,0x70,0x72,0x6f,0x70,0x65,0x72,
  0x74,0x79,0x20,0x69,0x6e,0x74,0x20,0x66,0x6f,0x63,0x75,0x73,0x65,0x64,0x43,0x65,
  0x6c,0x6c,0x3a,0x20,0x30,0xa,0xa,0x20,0x20,0x20,0x20,0x2f,0x2f,0x20,0x45,0x6d,
  0x69,0x74,0x74,0x65,0x64,0x20,0x77,0x68,0x65,0x6e,0x20,0x61,0x20,0x63,0x65,0x6c,
  0x6c,0x20,0x72,0x65,0x71,0x75,0x65,0x73,0x74,0x73,0x20,0x61,0x20,0x73,0x74,0x72,
  0x65,0x61,0x6d,0x20,0x28,0x47,0x72,0x69,0x64,0x45,0x6e,0x67,0x69,0x6e,0x65,0x20,
  0x73,0x74,0x61,0x79,0x73,0x20,0x64,0x65,0x63,0x6f,0x64,0x65,0x2d,0x61,0x67,0x6e,
  0x6f,0x73,0x74,0x69,0x63,0x3b,0xa,0x20,0x20,0x20,0x20,0x2f,0x2f,0x20,0x74,0x68,
  0x65,0x20,0x53,0x74,0x72,0x65,0x61,0x6d,0x43,0x6f,0x6e,0x74,0x72,0x6f,0x6c,0x6c,
  0x65,0x72,0x20,0x6f,0x77,0x6e,0x73,0x20,0x70,0x72,0x6f,0x66,0x69,0x6c,0x65,0x20,
  0x73,0x65,0x6c,0x65,0x63,0x74,0x69,0x6f,0x6e,0x20,0x76,0x73,0x2e,0x20,0x74,0x68,
  0x65,0x20,0x4d,0x65,0x64,0x69,0x61,0x20,0x52,0x65,0x6c,0x61,0x79,0x29,0x2e,0xa,
  0x20,0x20,0x20,0x20,0x73,0x69,0x67,0x6e,0x61,0x6c,0x20,0x63,0x65,0x6c,0x6c,0x43,
  0x61,0x6d,0x65,0x72,0x61,0x43,0x68,0x61,0x6e,0x67,0x65,0x64,0x28,0x69,0x6e,0x74,
  0x20,0x63,0x65,0x6c,0x6c,0x49,0x6e,0x64,0x65,0x78,0x2c,0x20,0x73,0x74,0x72,0x69,
  0x6e,0x67,0x20,0x63,0x61,0x6d,0x65,0x72,0x61,0x55,0x75,0x69,0x64,0x29,0xa,0xa,
  0x20,0x20,0x20,0x20,0x2f,0x2f,0x20,0x50,0x65,0x72,0x2d,0x63,0x65,0x6c,0x6c,0x20,
  0x63,0x61,0x6d,0x65,0x72,0x61,0x20,0x6f,0x76,0x65,0x72,0x72,0x69,0x64,0x65,0x73,
  0x2c,0x20,0x6b,0x65,0x79,0x65,0x64,0x20,0x62,0x79,0x20,0x63,0x65,0x6c,0x6c,0x20,
  0x69,0x6e,0x64,0x65,0x78,0x2e,0x20,0x55,0x70,0x64,0x61,0x74,0x65,0x64,0x20,0x69,
  0x6e,0x20,0x70,0x6c,0x61,0x63,0x65,0x20,0x73,0x6f,0x20,0x61,0x6e,0xa,0x20,0x20,
  0x20,0x20,0x2f,0x2f,0x20,0x61,0x73,0x73,0x69,0x67,0x6e,0x6d,0x65,0x6e,0x74,0x20,
  0x6f,0x6e,0x6c,0x79,0x20,0x72,0x65,0x62,0x69,0x6e,0x64,0x73,0x20,0x74,0x68,0x65,
  0x20,0x74,0x61,0x72,0x67,0x65,0x74,0x20,0x63,0x65,0x6c,0x6c,0x20,0x69,0x6e,0x73,
  0x74,0x65,0x61,0x64,0x20,0x6f,0x66,0x20,0x74,0x65,0x61,0x72,0x69,0x6e,0x67,0x20,
  0x64,0x6f,0x77,0x6e,0x20,0x65,0x76,0x65,0x72,0x79,0xa,0x20,0x20,0x20,0x20,0x2f,
  0x2f,0x20,0x64,0x65,0x6c,0x65,0x67,0x61,0x74,0x65,0x20,0x28,0x77,0x68,0x69,0x63,
  0x68,0x20,0x77,0x6f,0x75,0x6c,0x64,0x20,0x73,0x74,0x6f,0x70,0x20,0x61,0x6e,0x64,
  0x20,0x72,0x65,0x73,0x74,0x61,0x72,0x74,0x20,0x65,0x76,0x65,0x72,0x79,0x20,0x72,
  0x75,0x6e,0x6e,0x69,0x6e,0x67,0x20,0x73,0x74,0x72,0x65,0x61,0x6d,0x20,0x61,0x6e,
  0x64,0x20,0x72,0x61,0x63,0x65,0xa,0x20,0x20,0x20,0x20,0x2f,0x2f,0x20,0x64,0x65,
  0x66,0x65,0x72,0x72,0x65,0x64,0x20,0x64,0x65,0x74,0x61,0x63,0x68,0x28,0x29,0x20,
  0x61,0x67,0x61,0x69,0x6e,0x73,0x74,0x20,0x74,0x68,0x65,0x20,0x6e,0x65,0x77,0x20,
  0x61,0x74,0x74,0x61,0x63,0x68,0x28,0x29,0x29,0x2e,0xa,0x20,0x20,0x20,0x20,0x70,
  0x72,0x6f,0x70,0x65,0x72,0x74,0x79,0x20,0x76,0x61,0x72,0x20,0x63,0x61,0x6d,0x65,
  0x72,0x61,0x41,0x73,0x73,0x69,0x67,0x6e,0x6d,0x65,0x6e,0x74,0x73,0x3a,0x20,0x28,
  0x7b,0x7d,0x29,0xa,0xa,0x20,0x20,0x20,0x20,0x66,0x75,0x6e,0x63,0x74,0x69,0x6f,
  0x6e,0x20,0x61,0x70,0x70,0x6c,0x79,0x4c,0x61,0x79,0x6f,0x75,0x74,0x28,0x6a,0x73,
  0x6f,0x6e,0x29,0x20,0x7b,0xa,0x20,0x20,0x20,0x20,0x20,0x20,0x20,0x20,0x2f,0x2f,
  0x20,0x41,0x63,0x63,0x65,0x70,0x74,0x20,0x65,0x69,0x74,0x68,0x65,0x72,0x20,0x61,
  0x20,0x70,0x61,0x72,0x73,0x65,0x64,0x20,0x6f,0x62,0x6a,0x65,0x63,0x74,0x20,0x6f,
  0x72,0x20,0x61,0x20,0x4a,0x53,0x4f,0x4e,0x20,0x73,0x74,0x72,0x69,0x6e,0x67,0x20,
  0x66,0x72,0x6f,0x6d,0x20,0x74,0x68,0x65,0x20,0x52,0x45,0x53,0x54,0x20,0x6c,0x61,
  0x79,0x65,0x72,0x2e,0xa,0x20,0x20,0x20,0x20,0x20,0x20,0x20,0x20,0x63,0x61,0x6d,
  0x65,0x72,0x61,0x41,0x73,0x73,0x69,0x67,0x6e,0x6d,0x65,0x6e,0x74,0x73,0x20,0x3d,
  0x20,0x28,0x7b,0x7d,0x29,0xa,0x20,0x20,0x20,0x20,0x20,0x20,0x20,0x20,0x6c,0x61,
  0x79,0x6f,0x75,0x74,0x4a,0x73,0x6f,0x6e,0x20,0x3d,0x20,0x28,0x74,0x79,0x70,0x65,
  0x6f,0x66,0x20,0x6a,0x73,0x6f,0x6e,0x20,0x3d,0x3d,0x3d,0x20,0x22,0x73,0x74,0x72,
  0x69,0x6e,0x67,0x22,0x29,0x20,0x3f,0x20,0x4a,0x53,0x4f,0x4e,0x2e,0x70,0x61,0x72,
  0x73,0x65,0x28,0x6a,0x73,0x6f,0x6e,0x29,0x20,0x3a,0x20,0x6a,0x73,0x6f,0x6e,0xa,
  0x20,0x20,0x20,0x20,0x20,0x20,0x20,0x20,0x66,0x6f,0x63,0x75,0x73,0x65,0x64,0x43,
  0x65,0x6c,0x6c,0x20,0x3d,0x20,0x30,0xa,0x20,0x20,0x20,0x20,0x7d,0xa,0xa,0x20,
  0x20,0x20,0x20,0x2f,0x2f,0x20,0x41,0x73,0x73,0x69,0x67,0x6e,0x20,0x61,0x20,0x63,
  0x61,0x6d,0x65,0x72,0x61,0x20,0x69,0x6e,0x74,0x6f,0x20,0x74,0x68,0x65,0x20,0x66,
  0x6f,0x63,0x75,0x73,0x65,0x64,0x20,0x63,0x65,0x6c,0x6c,0x20,0x28,0x77,0x69,0x72,
  0x65,0x64,0x20,0x74,0x6f,0x20,0x43,0x61,0x6d,0x65,0x72,0x61,0x54,0x72,0x65,0x65,
  0x20,0x61,0x63,0x74,0x69,0x76,0x61,0x74,0x69,0x6f,0x6e,0x29,0x2e,0xa,0x20,0x20,
  0x20,0x20,0x66,0x75,0x6e,0x63,0x74,0x69,0x6f,0x6e,0x20,0x61,0x73,0x73,0x69,0x67,
  0x6e,0x43,0x61,0x6d,0x65,0x72,0x61,0x54,0x6f,0x46,0x6f,0x63,0x75,0x73,0x65,0x64,
  0x43,0x65,0x6c,0x6c,0x28,0x63,0x61,0x6d,0x65,0x72,0x61,0x55,0x75,0x69,0x64,0x29,
  0x20,0x7b,0xa,0x20,0x20,0x20,0x20,0x20,0x20,0x20,0x20,0x69,0x66,0x20,0x28,0x66,
  0x6f,0x63,0x75,0x73,0x65,0x64,0x43,0x65,0x6c,0x6c,0x20,0x3c,0x20,0x30,0x20,0x7c,
  0x7c,0x20,0x66,0x6f,0x63,0x75,0x73,0x65,0x64,0x43,0x65,0x6c,0x6c,0x20,0x3e,0x3d,
  0x20,0x72,0x65,0x70,0x65,0x61,0x74,0x65,0x72,0x2e,0x63,0x6f,0x75,0x6e,0x74,0x29,
  0xa,0x20,0x20,0x20,0x20,0x20,0x20,0x20,0x20,0x20,0x20,0x20,0x20,0x72,0x65,0x74,
  0x75,0x72,0x6e,0xa,0x20,0x20,0x20,0x20,0x20,0x20,0x20,0x20,0x76,0x61,0x72,0x20,
  0x6e,0x65,0x78,0x74,0x20,0x3d,0x20,0x7b,0x7d,0xa,0x20,0x20,0x20,0x20,0x20,0x20,
  0x20,0x20,0x66,0x6f,0x72,0x20,0x28,0x76,0x61,0x72,0x20,0x6b,0x20,0x69,0x6e,0x20,
  0x63,0x61,0x6d,0x65,0x72,0x61,0x41,0x73,0x73,0x69,0x67,0x6e,0x6d,0x65,0x6e,0x74,
  0x73,0x29,0xa,0x20,0x20,0x20,0x20,0x20,0x20,0x20,0x20,0x20,0x20,0x20,0x20,0x6e,
  0x65,0x78,0x74,0x5b,0x6b,0x5d,0x20,0x3d,0x20,0x63,0x61,0x6d,0x65,0x72,0x61,0x41,
  0x73,0x73,0x69,0x67,0x6e,0x6d,0x65,0x6e,0x74,0x73,0x5b,0x6b,0x5d,0xa,0x20,0x20,
  0x20,0x20,0x20,0x20,0x20,0x20,0x6e,0x65,0x78,0x74,0x5b,0x66,0x6f,0x63,0x75,0x73,
  0x65,0x64,0x43,0x65,0x6c,0x6c,0x5d,0x20,0x3d,0x20,0x63,0x61,0x6d,0x65,0x72,0x61,
  0x55,0x75,0x69,0x64,0xa,0x20,0x20,0x20,0x20,0x20,0x20,0x20,0x20,0x63,0x61,0x6d,
  0x65,0x72,0x61,0x41,0x73,0x73,0x69,0x67,0x6e,0x6d,0x65,0x6e,0x74,0x73,0x20,0x3d,
  0x20,0x6e,0x65,0x78,0x74,0x20,0x20,0x2f,0x2f,0x20,0x70,0x72,0x6f,0x70,0x65,0x72,
  0x74,0x79,0x20,0x63,0x68,0x61,0x6e,0x67,0x65,0x20,0xe2,0x86,0x92,0x20,0x6f,0x6e,
  0x6c,0x79,0x20,0x62,0x69,0x6e,0x64,0x69,0x6e,0x67,0x73,0x20,0x72,0x65,0x2d,0x65,
  0x76,0x61,0x6c,0x75,0x61,0x74,0x65,0xa,0x20,0x20,0x20,0x20,0x20,0x20,0x20,0x20,
  0x63,0x65,0x6c,0x6c,0x43,0x61,0x6d,0x65,0x72,0x61,0x43,0x68,0x61,0x6e,0x67,0x65,
  0x64,0x28,0x66,0x6f,0x63,0x75,0x73,0x65,0x64,0x43,0x65,0x6c,0x6c,0x2c,0x20,0x63,
  0x61,0x6d,0x65,0x72,0x61,0x55,0x75,0x69,0x64,0x29,0xa,0x20,0x20,0x20,0x20,0x7d,
  0xa,0xa,0x20,0x20,0x20,0x20,0x2f,0x2f,0x20,0x2d,0x2d,0x2d,0x2d,0x20,0x47,0x65,
  0x6f,0x6d,0x65,0x74,0x72,0x79,0x20,0x2d,0x2d,0x2d,0x2d,0x2d,0x2d,0x2d,0x2d,0x2d,
  0x2d,0x2d,0x2d,0x2d,0x2d,0x2d,0x2d,0x2d,0x2d,0x2d,0x2d,0x2d,0x2d,0x2d,0x2d,0x2d,
  0x2d,0x2d,0x2d,0x2d,0x2d,0x2d,0x2d,0x2d,0x2d,0x2d,0x2d,0x2d,0x2d,0x2d,0x2d,0x2d,
  0x2d,0x2d,0x2d,0x2d,0x2d,0x2d,0x2d,0x2d,0x2d,0x2d,0x2d,0x2d,0x2d,0x2d,0x2d,0x2d,
  0x2d,0x2d,0x2d,0xa,0x20,0x20,0x20,0x20,0x72,0x65,0x61,0x64,0x6f,0x6e,0x6c,0x79,
  0x20,0x70,0x72,0x6f,0x70,0x65,0x72,0x74,0x79,0x20,0x69,0x6e,0x74,0x20,0x67,0x72,
  0x69,0x64,0x43,0x6f,0x6c,0x73,0x3a,0x20,0x6c,0x61,0x79,0x6f,0x75,0x74,0x4a,0x73,
  0x6f,0x6e,0x20,0x26,0x26,0x20,0x6c,0x61,0x79,0x6f,0x75,0x74,0x4a,0x73,0x6f,0x6e,
  0x2e,0x67,0x72,0x69,0x64,0xa,0x20,0x20,0x20,0x20,0x20,0x20,0x20,0x20,0x20,0x20,
  0x20,0x20,0x20,0x20,0x20,0x20,0x20,0x20,0x20,0x20,0x20,0x20,0x20,0x20,0x20,0x20,
  0x20,0x20,0x20,0x20,0x20,0x20,0x20,0x20,0x20,0x20,0x3f,0x20,0x6c,0x61,0x79,0x6f,
  0x75,0x74,0x4a,0x73,0x6f,0x6e,0x2e,0x67,0x72,0x69,0x64,0x2e,0x63,0x6f,0x6c,0x73,
  0x20,0x3a,0x20,0x31,0xa,0x20,0x20,0x20,0x20,0x72,0x65,0x61,0x64,0x6f,0x6e,0x6c,
  0x79,0x20,0x70,0x72,0x6f,0x70,0x65,0x72,0x74,0x79,0x20,0x69,0x6e,0x74,0x20,0x67,
  0x72,0x69,0x64,0x52,0x6f,0x77,0x73,0x3a,0x20,0x6c,0x61,0x79,0x6f,0x75,0x74,0x4a,
  0x73,0x6f,0x6e,0x20,0x26,0x26,0x20,0x6c,0x61,0x79,0x6f,0x75,0x74,0x4a,0x73,0x6f,
  0x6e,0x2e,0x67,0x72,0x69,0x64,0xa,0x20,0x20,0x20,0x20,0x20,0x20,0x20,0x20,0x20,
  0x20,0x20,0x20,0x20,0x20,0x20,0x20,0x20,0x20,0x20,0x20,0x20,0x20,0x20,0x20,0x20,
  0x20,0x20,0x20,0x20,0x20,0x20,0x20,0x20,0x20,0x20,0x20,0x3f,0x20,0x6c,0x61,0x79,
  0x6f,0x75,0x74,0x4a,0x73,0x6f,0x6e,0x2e,0x67,0x72,0x69,0x64,0x2e,0x72,0x6f,0x77,
  0x73,0x20,0x3a,0x20,0x31,0xa,0x20,0x20,0x20,0x20,0x72,0x65,0x61,0x64,0x6f,0x6e,
  0x6c,0x79,0x20,0x70,0x72,0x6f,0x70,0x65,0x72,0x74,0x79,0x20,0x72,0x65,0x61,0x6c,
  0x20,0x63,0x65,0x6c,0x6c,0x57,0x3a,0x20,0x77,0x69,0x64,0x74,0x68,0x20,0x2f,0x20,
  0x67,0x72,0x69,0x64,0x43,0x6f,0x6c,0x73,0xa,0x20,0x20,0x20,0x20,0x72,0x65,0x61,
  0x64,0x6f,0x6e,0x6c,0x79,0x20,0x70,0x72,0x6f,0x70,0x65,0x72,0x74,0x79,0x20,0x72,
  0x65,0x61,0x6c,0x20,0x63,0x65,0x6c,0x6c,0x48,0x3a,0x20,0x68,0x65,0x69,0x67,0x68,
  0x74,0x20,0x2f,0x20,0x67,0x72,0x69,0x64,0x52,0x6f,0x77,0x73,0xa,0x20,0x20,0x20,
  0x20,0x72,0x65,0x61,0x64,0x6f,0x6e,0x6c,0x79,0x20,0x70,0x72,0x6f,0x70,0x65,0x72,
  0x74,0x79,0x20,0x62,0x6f,0x6f,0x6c,0x20,0x72,0x74,0x6c,0x3a,0x20,0x4c,0x61,0x79,
  0x6f,0x75,0x74,0x4d,0x69,0x72,0x72,0x6f,0x72,0x69,0x6e,0x67,0x2e,0x65,0x6e,0x61,
  0x62,0x6c,0x65,0x64,0xa,0xa,0x20,0x20,0x20,0x20,0x52,0x65,0x70,0x65,0x61,0x74,
  0x65,0x72,0x20,0x7b,0xa,0x20,0x20,0x20,0x20,0x20,0x20,0x20,0x20,0x69,0x64,0x3a,
  0x20,0x72,0x65,0x70,0x65,0x61,0x74,0x65,0x72,0xa,0x20,0x20,0x20,0x20,0x20,0x20,
  0x20,0x20,0x6d,0x6f,0x64,0x65,0x6c,0x3a,0x20,0x6c,0x61,0x79,0x6f,0x75,0x74,0x4a,
  0x73,0x6f,0x6e,0x20,0x26,0x26,0x20,0x6c,0x61,0x79,0x6f,0x75,0x74,0x4a,0x73,0x6f,
  0x6e,0x2e,0x63,0x65,0x6c,0x6c,0x73,0x20,0x3f,0x20,0x6c,0x61,0x79,0x6f,0x75,0x74,
  0x4a,0x73,0x6f,0x6e,0x2e,0x63,0x65,0x6c,0x6c,0x73,0x20,0x3a,0x20,0x5b,0x5d,0xa,
  0xa,0x20,0x20,0x20,0x20,0x20,0x20,0x20,0x20,0x64,0x65,0x6c,0x65,0x67,0x61,0x74,
  0x65,0x3a,0x20,0x52,0x65,0x63,0x74,0x61,0x6e,0x67,0x6c,0x65,0x20,0x7b,0xa,0x20,
  0x20,0x20,0x20,0x20,0x20,0x20,0x20,0x20,0x20,0x20,0x20,0x69,0x64,0x3a,0x20,0x63,
  0x65,0x6c,0x6c,0xa,0xa,0x20,0x20,0x20,0x20,0x20,0x20,0x20,0x20,0x20,0x20,0x20,
  0x20,0x72,0x65,0x71,0x75,0x69,0x72,0x65,0x64,0x20,0x70,0x72,0x6f,0x70,0x65,0x72,
  0x74,0x79,0x20,0x76,0x61,0x72,0x20,0x6d,0x6f,0x64,0x65,0x6c,0x44,0x61,0x74,0x61,
  0xa,0x20,0x20,0x20,0x20,0x20,0x20,0x20,0x20,0x20,0x20,0x20,0x20,0x72,0x65,0x71,
  0x75,0x69,0x72,0x65,0x64,0x20,0x70,0x72,0x6f,0x70,0x65,0x72,0x74,0x79,0x20,0x69,
  0x6e,0x74,0x20,0x69,0x6e,0x64,0x65,0x78,0xa,0xa,0x20,0x20,0x20,0x20,0x20,0x20,
  0x20,0x20,0x20,0x20,0x20,0x20,0x2f,0x2f,0x20,0x52,0x54,0x4c,0x20,0x66,0x6c,0x69,
  0x70,0x3a,0x20,0x6d,0x69,0x72,0x72,0x6f,0x72,0x20,0x74,0x68,0x65,0x20,0x63,0x6f,
  0x6c,0x75,0x6d,0x6e,0x20,0x6f,0x72,0x69,0x67,0x69,0x6e,0x20,0x73,0x6f,0x20,0x6c,
  0x61,0x79,0x6f,0x75,0x74,0x5f,0x6a,0x73,0x6f,0x6e,0x20,0x73,0x74,0x61,0x79,0x73,
  0x20,0x4c,0x54,0x52,0x2e,0xa,0x20,0x20,0x20,0x20,0x20,0x20,0x20,0x20,0x20,0x20,
  0x20,0x20,0x72,0x65,0x61,0x64,0x6f,0x6e,0x6c,0x79,0x20,0x70,0x72,0x6f,0x70,0x65,
  0x72,0x74,0x79,0x20,0x69,0x6e,0x74,0x20,0x66,0x6c,0x69,0x70,0x70,0x65,0x64,0x58,
  0x3a,0xa,0x20,0x20,0x20,0x20,0x20,0x20,0x20,0x20,0x20,0x20,0x20,0x20,0x20,0x20,
  0x20,0x20,0x65,0x6e,0x67,0x69,0x6e,0x65,0x2e,0x72,0x74,0x6c,0x20,0x3f,0x20,0x65,
  0x6e,0x67,0x69,0x6e,0x65,0x2e,0x67,0x72,0x69,0x64,0x43,0x6f,0x6c,0x73,0x20,0x2d,
  0x20,0x6d,0x6f,0x64,0x65,0x6c,0x44,0x61,0x74,0x61,0x2e,0x78,0x20,0x2d,0x20,0x6d,
  0x6f,0x64,0x65,0x6c,0x44,0x61,0x74,0x61,0x2e,0x77,0xa,0x20,0x20,0x20,0x20,0x20,
  0x20,0x20,0x20,0x20,0x20,0x20,0x20,0x20,0x20,0x20,0x20,0x20,0x20,0x20,0x20,0x20,
  0x20,0x20,0x20,0x20,0x20,0x20,0x3a,0x20,0x6d,0x6f,0x64,0x65,0x6c,0x44,0x61,0x74,
  0x61,0x2e,0x78,0xa,0xa,0x20,0x20,0x20,0x20,0x20,0x20,0x20,0x20,0x20,0x20,0x20,
  0x20,0x78,0x3a,0x20,0x66,0x6c,0x69,0x70,0x70,0x65,0x64,0x58,0x20,0x2a,0x20,0x65,
  0x6e,0x67,0x69,0x6e,0x65,0x2e,0x63,0x65,0x6c,0x6c,0x57,0xa,0x20,0x20,0x20,0x20,
  0x20,0x20,0x20,0x20,0x20,0x20,0x20,0x20,0x79,0x3a,0x20,0x6d,0x6f,0x64,0x65,0x6c,
  0x44,0x61,0x74,0x61,0x2e,0x79,0x20,0x2a,0x20,0x65,0x6e,0x67,0x69,0x6e,0x65,0x2e,
  0x63,0x65,0x6c,0x6c,0x48,0xa,0x20,0x20,0x20,0x20,0x20,0x20,0x20,0x20,0x20,0x20,
  0x20,0x20,0x77,0x69,0x64,0x74,0x68,0x3a,0x20,0x6d,0x6f,0x64,0x65,0x6c,0x44,0x61,
  0x74,0x61,0x2e,0x77,0x20,0x2a,0x20,0x65,0x6e,0x67,0x69,0x6e,0x65,0x2e,0x63,0x65,
  0x6c,0x6c,0x57,0xa,0x20,0x20,0x20,0x20,0x20,0x20,0x20,0x20,0x20,0x20,0x20,0x20,
  0x68,0x65,0x69,0x67,0x68,0x74,0x3a,0x20,0x6d,0x6f,0x64,0x65,0x6c,0x44,0x61,0x74,
  0x61,0x2e,0x68,0x20,0x2a,0x20,0x65,0x6e,0x67,0x69,0x6e,0x65,0x2e,0x63,0x65,0x6c,
  0x6c,0x48,0xa,0xa,0x20,0x20,0x20,0x20,0x20,0x20,0x20,0x20,0x20,0x20,0x20,0x20,
  0x63,0x6f,0x6c,0x6f,0x72,0x3a,0x20,0x22,0x23,0x31,0x32,0x31,0x36,0x31,0x63,0x22,
  0xa,0x20,0x20,0x20,0x20,0x20,0x20,0x20,0x20,0x20,0x20,0x20,0x20,0x62,0x6f,0x72,
  0x64,0x65,0x72,0x2e,0x77,0x69,0x64,0x74,0x68,0x3a,0x20,0x65,0x6e,0x67,0x69,0x6e,
  0x65,0x2e,0x66,0x6f,0x63,0x75,0x73,0x65,0x64,0x43,0x65,0x6c,0x6c,0x20,0x3d,0x3d,
  0x3d,0x20,0x69,0x6e,0x64,0x65,0x78,0x20,0x3f,0x20,0x32,0x20,0x3a,0x20,0x31,0xa,
  0x20,0x20,0x20,0x20,0x20,0x20,0x20,0x20,0x20,0x20,0x20,0x20,0x62,0x6f,0x72,0x64,
  0x65,0x72,0x2e,0x63,0x6f,0x6c,0x6f,0x72,0x3a,0x20,0x65,0x6e,0x67,0x69,0x6e,0x65,
  0x2e,0x66,0x6f,0x63,0x75,0x73,0x65,0x64,0x43,0x65,0x6c,0x6c,0x20,0x3d,0x3d,0x3d,
  0x20,0x69,0x6e,0x64,0x65,0x78,0x20,0x3f,0x20,0x22,0x23,0x32,0x66,0x38,0x31,0x66,
  0x37,0x22,0x20,0x3a,0x20,0x22,0x23,0x32,0x33,0x32,0x61,0x33,0x33,0x22,0xa,0xa,
  0x20,0x20,0x20,0x20,0x20,0x20,0x20,0x20,0x20,0x20,0x20,0x20,0x2f,0x2f,0x20,0x52,
  0x75,0x6e,0x74,0x69,0x6d,0x65,0x20,0x61,0x73,0x73,0x69,0x67,0x6e,0x6d,0x65,0x6e,
  0x74,0x20,0x28,0x64,0x72,0x61,0x67,0x2f,0x61,0x63,0x74,0x69,0x76,0x61,0x74,0x69,
  0x6f,0x6e,0x29,0x20,0x77,0x69,0x6e,0x73,0x20,0x6f,0x76,0x65,0x72,0x20,0x74,0x68,
  0x65,0x20,0x70,0x65,0x72,0x73,0x69,0x73,0x74,0x65,0x64,0xa,0x20,0x20,0x20,0x20,
  0x20,0x20,0x20,0x20,0x20,0x20,0x20,0x20,0x2f,0x2f,0x20,0x6c,0x61,0x79,0x6f,0x75,
  0x74,0x20,0x64,0x6f,0x63,0x75,0x6d,0x65,0x6e,0x74,0x2e,0xa,0x20,0x20,0x20,0x20,
  0x20,0x20,0x20,0x20,0x20,0x20,0x20,0x20,0x72,0x65,0x61,0x64,0x6f,0x6e,0x6c,0x79,
  0x20,0x70,0x72,0x6f,0x70,0x65,0x72,0x74,0x79,0x20,0x73,0x74,0x72,0x69,0x6e,0x67,
  0x20,0x63,0x61,0x6d,0x65,0x72,0x61,0x55,0x75,0x69,0x64,0x3a,0x20,0x7b,0xa,0x20,
  0x20,0x20,0x20,0x20,0x20,0x20,0x20,0x20,0x20,0x20,0x20,0x20,0x20,0x20,0x20,0x76,
  0x61,0x72,0x20,0x61,0x73,0x73,0x69,0x67,0x6e,0x65,0x64,0x20,0x3d,0x20,0x65,0x6e,
  0x67,0x69,0x6e,0x65,0x2e,0x63,0x61,0x6d,0x65,0x72,0x61,0x41,0x73,0x73,0x69,0x67,
  0x6e,0x6d,0x65,0x6e,0x74,0x73,0x5b,0x63,0x65,0x6c,0x6c,0x2e,0x69,0x6e,0x64,0x65,
  0x78,0x5d,0xa,0x20,0x20,0x20,0x20,0x20,0x20,0x20,0x20,0x20,0x20,0x20,0x20,0x20,
  0x20,0x20,0x20,0x69,0x66,0x20,0x28,0x61,0x73,0x73,0x69,0x67,0x6e,0x65,0x64,0x20,
  0x21,0x3d,0x3d,0x20,0x75,0x6e,0x64,0x65,0x66,0x69,0x6e,0x65,0x64,0x20,0x26,0x26,
  0x20,0x61,0x73,0x73,0x69,0x67,0x6e,0x65,0x64,0x20,0x21,0x3d,0x3d,0x20,0x6e,0x75,
  0x6c,0x6c,0x29,0xa,0x20,0x20,0x20,0x20,0x20,0x20,0x20,0x20,0x20,0x20,0x20,0x20,
  0x20,0x20,0x20,0x20,0x20,0x20,0x20,0x20,0x72,0x65,0x74,0x75,0x72,0x6e,0x20,0x61,
  0x73,0x73,0x69,0x67,0x6e,0x65,0x64,0xa,0x20,0x20,0x20,0x20,0x20,0x20,0x20,0x20,
  0x20,0x20,0x20,0x20,0x20,0x20,0x20,0x20,0x72,0x65,0x74,0x75,0x72,0x6e,0x20,0x6d,
  0x6f,0x64,0x65,0x6c,0x44,0x61,0x74,0x61,0x2e,0x63,0x61,0x6d,0x65,0x72,0x61,0x5f,
  0x75,0x75,0x69,0x64,0x20,0x3f,0x20,0x6d,0x6f,0x64,0x65,0x6c,0x44,0x61,0x74,0x61,
  0x2e,0x63,0x61,0x6d,0x65,0x72,0x61,0x5f,0x75,0x75,0x69,0x64,0x20,0x3a,0x20,0x22,
  0x22,0xa,0x20,0x20,0x20,0x20,0x20,0x20,0x20,0x20,0x20,0x20,0x20,0x20,0x7d,0xa,
  0xa,0x20,0x20,0x20,0x20,0x20,0x20,0x20,0x20,0x20,0x20,0x20,0x20,0x2f,0x2f,0x20,
  0x56,0x69,0x64,0x65,0x6f,0x20,0x73,0x75,0x72,0x66,0x61,0x63,0x65,0x3a,0x20,0x56,
  0x69,0x64,0x65,0x6f,0x43,0x65,0x6c,0x6c,0x20,0x68,0x61,0x6e,0x64,0x6c,0x65,0x73,
  0x20,0x64,0x65,0x63,0x6f,0x64,0x65,0x20,0x2d,0x3e,0x20,0x51,0x53,0x47,0x54,0x65,
  0x78,0x74,0x75,0x72,0x65,0x20,0x75,0x70,0x6c,0x6f,0x61,0x64,0x20,0x6f,0x6e,0xa,
  0x20,0x20,0x20,0x20,0x20,0x20,0x20,0x20,0x20,0x20,0x20,0x20,0x2f,0x2f,0x20,0x74,
  0x68,0x65,0x20,0x52,0x48,0x49,0x20,0x73,0x63,0x65,0x6e,0x65,0x20,0x67,0x72,0x61,
  0x70,0x68,0x2e,0x20,0x4c,0x6f,0x61,0x64,0x65,0x64,0x20,0x6f,0x6e,0x6c,0x79,0x20,
  0x77,0x68,0x65,0x6e,0x20,0x61,0x20,0x63,0x61,0x6d,0x65,0x72,0x61,0x20,0x69,0x73,
  0x20,0x61,0x73,0x73,0x69,0x67,0x6e,0x65,0x64,0x2e,0xa,0x20,0x20,0x20,0x20,0x20,
  0x20,0x20,0x20,0x20,0x20,0x20,0x20,0x4c,0x6f,0x61,0x64,0x65,0x72,0x20,0x7b,0xa,
  0x20,0x20,0x20,0x20,0x20,0x20,0x20,0x20,0x20,0x20,0x20,0x20,0x20,0x20,0x20,0x20,
  0x61,0x6e,0x63,0x68,0x6f,0x72,0x73,0x2e,0x66,0x69,0x6c,0x6c,0x3a,0x20,0x70,0x61,
  0x72,0x65,0x6e,0x74,0xa,0x20,0x20,0x20,0x20,0x20,0x20,0x20,0x20,0x20,0x20,0x20,
  0x20,0x20,0x20,0x20,0x20,0x61,0x6e,0x63,0x68,0x6f,0x72,0x73,0x2e,0x6d,0x61,0x72,
  0x67,0x69,0x6e,0x73,0x3a,0x20,0x31,0xa,0x20,0x20,0x20,0x20,0x20,0x20,0x20,0x20,
  0x20,0x20,0x20,0x20,0x20,0x20,0x20,0x20,0x61,0x63,0x74,0x69,0x76,0x65,0x3a,0x20,
  0x63,0x65,0x6c,0x6c,0x2e,0x63,0x61,0x6d,0x65,0x72,0x61,0x55,0x75,0x69,0x64,0x2e,
  0x6c,0x65,0x6e,0x67,0x74,0x68,0x20,0x3e,0x20,0x30,0xa,0x20,0x20,0x20,0x20,0x20,
  0x20,0x20,0x20,0x20,0x20,0x20,0x20,0x20,0x20,0x20,0x20,0x73,0x6f,0x75,0x72,0x63,
  0x65,0x3a,0x20,0x22,0x56,0x69,0x64,0x65,0x6f,0x43,0x65,0x6c,0x6c,0x2e,0x71,0x6d,
  0x6c,0x22,0xa,0x20,0x20,0x20,0x20,0x20,0x20,0x20,0x20,0x20,0x20,0x20,0x20,0x20,
  0x20,0x20,0x20,0x6f,0x6e,0x4c,0x6f,0x61,0x64,0x65,0x64,0x3a,0x20,0x7b,0xa,0x20,
  0x20,0x20,0x20,0x20,0x20,0x20,0x20,0x20,0x20,0x20,0x20,0x20,0x20,0x20,0x20,0x20,
  0x20,0x20,0x20,0x2f,0x2f,0x20,0x4f,0x72,0x64,0x65,0x72,0x20,0x6d,0x61,0x74,0x74,
  0x65,0x72,0x73,0x3a,0x20,0x63,0x65,0x6c,0x6c,0x49,0x6e,0x64,0x65,0x78,0x20,0x4d,
  0x55,0x53,0x54,0x20,0x62,0x65,0x20,0x73,0x65,0x74,0x20,0x62,0x65,0x66,0x6f,0x72,
  0x65,0x20,0x63,0x61,0x6d,0x65,0x72,0x61,0x55,0x75,0x69,0x64,0x2c,0xa,0x20,0x20,
  0x20,0x20,0x20,0x20,0x20,0x20,0x20,0x20,0x20,0x20,0x20,0x20,0x20,0x20,0x20,0x20,
  0x20,0x20,0x2f,0x2f,0x20,0x62,0x65,0x63,0x61,0x75,0x73,0x65,0x20,0x6f,0x6e,0x43,
  0x61,0x6d,0x65,0x72,0x61,0x55,0x75,0x69,0x64,0x43,0x68,0x61,0x6e,0x67,0x65,0x64,
  0x20,0x74,0x72,0x69,0x67,0x67,0x65,0x72,0x73,0x20,0x61,0x74,0x74,0x61,0x63,0x68,
  0x4c,0x69,0x76,0x65,0x28,0x29,0x20,0x77,0x68,0x69,0x63,0x68,0xa,0x20,0x20,0x20,
  0x20,0x20,0x20,0x20,0x20,0x20,0x20,0x20,0x20,0x20,0x20,0x20,0x20,0x20,0x20,0x20,
  0x20,0x2f,0x2f,0x20,0x6b,0x65,0x79,0x73,0x20,0x74,0x68,0x65,0x20,0x64,0x65,0x63,
  0x6f,0x64,0x65,0x72,0x20,0x73,0x65,0x73,0x73,0x69,0x6f,0x6e,0x20,0x62,0x79,0x20,
  0x63,0x65,0x6c,0x6c,0x49,0x6e,0x64,0x65,0x78,0x2e,0x20,0x57,0x69,0x74,0x68,0x6f,
  0x75,0x74,0x20,0x74,0x68,0x69,0x73,0x2c,0xa,0x20,0x20,0x20,0x20,0x20,0x20,0x20,
  0x20,0x20,0x20,0x20,0x20,0x20,0x20,0x20,0x20,0x20,0x20,0x20,0x20,0x2f,0x2f,0x20,
  0x65,0x76,0x65,0x72,0x79,0x20,0x63,0x65,0x6c,0x6c,0x20,0x61,0x74,0x74,0x61,0x63,
  0x68,0x65,0x73,0x20,0x77,0x69,0x74,0x68,0x20,0x74,0x68,0x65,0x20,0x64,0x65,0x66,
  0x61,0x75,0x6c,0x74,0x20,0x69,0x6e,0x64,0x65,0x78,0x20,0x28,0x2d,0x31,0x29,0x20,
  0x61,0x6e,0x64,0x20,0x61,0x6c,0x6c,0xa,0x20,0x20,0x20,0x20,0x20,0x20,0x20,0x20,
  0x20,0x20,0x20,0x20,0x20,0x20,0x20,0x20,0x20,0x20,0x20,0x20,0x2f,0x2f,0x20,0x63,
  0x65,0x6c,0x6c,0x73,0x20,0x73,0x68,0x61,0x72,0x65,0x20,0x6f,0x6e,0x65,0x20,0x64,
  0x65,0x63,0x6f,0x64,0x65,0x72,0x20,0xe2,0x80,0x94,0x20,0x61,0x73,0x73,0x69,0x67,
  0x6e,0x69,0x6e,0x67,0x20,0x61,0x20,0x73,0x65,0x63,0x6f,0x6e,0x64,0x20,0x63,0x61,
  0x6d,0x65,0x72,0x61,0xa,0x20,0x20,0x20,0x20,0x20,0x20,0x20,0x20,0x20,0x20,0x20,
  0x20,0x20,0x20,0x20,0x20,0x20,0x20,0x20,0x20,0x2f,0x2f,0x20,0x73,0x74,0x65,0x61,
  0x6c,0x73,0x20,0x74,0x68,0x65,0x20,0x64,0x65,0x63,0x6f,0x64,0x65,0x72,0x20,0x61,
  0x6e,0x64,0x20,0x62,0x6c,0x61,0x6e,0x6b,0x73,0x20,0x74,0x68,0x65,0x20,0x66,0x69,
  0x72,0x73,0x74,0x20,0x63,0x65,0x6c,0x6c,0x2e,0xa,0x20,0x20,0x20,0x20,0x20,0x20,
  0x20,0x20,0x20,0x20,0x20,0x20,0x20,0x20,0x20,0x20,0x20,0x20,0x20,0x20,0x69,0x74,
  0x65,0x6d,0x2e,0x63,0x65,0x6c,0x6c,0x49,0x6e,0x64,0x65,0x78,0x20,0x3d,0x20,0x63,
  0x65,0x6c,0x6c,0x2e,0x69,0x6e,0x64,0x65,0x78,0xa,0x20,0x20,0x20,0x20,0x20,0x20,
  0x20,0x20,0x20,0x20,0x20,0x20,0x20,0x20,0x20,0x20,0x20,0x20,0x20,0x20,0x2f,0x2f,
  0x20,0x41,0x64,0x61,0x70,0x74,0x69,0x76,0x65,0x20,0x70,0x72,0x6f,0x66,0x69,0x6c,
  0x65,0x3a,0x20,0x73,0x75,0x62,0x2d,0x73,0x74,0x72,0x65,0x61,0x6d,0x20,0x66,0x6f,
  0x72,0x20,0x73,0x6d,0x61,0x6c,0x6c,0x20,0x74,0x69,0x6c,0x65,0x73,0x2c,0x20,0x6d,
  0x69,0x64,0x2f,0x6d,0x61,0x69,0x6e,0xa,0x20,0x20,0x20,0x20,0x20,0x20,0x20,0x20,
  0x20,0x20,0x20,0x20,0x20,0x20,0x20,0x20,0x20,0x20,0x20,0x20,0x2f,0x2f,0x20,0x77,
  0x68,0x65,0x6e,0x20,0x74,0x68,0x65,0x20,0x6d,0x65,0x72,0x67,0x65,0x64,0x20,0x63,
  0x65,0x6c,0x6c,0x20,0x69,0x73,0x20,0x6c,0x61,0x72,0x67,0x65,0x20,0x65,0x6e,0x6f,
  0x75,0x67,0x68,0x20,0x74,0x6f,0x20,0x6a,0x75,0x73,0x74,0x69,0x66,0x79,0x20,0x69,
  0x74,0x2e,0xa,0x20,0x20,0x20,0x20,0x20,0x20,0x20,0x20,0x20,0x20,0x20,0x20,0x20,
  0x20,0x20,0x20,0x20,0x20,0x20,0x20,0x69,0x74,0x65,0x6d,0x2e,0x70,0x72,0x65,0x66,
  0x65,0x72,0x72,0x65,0x64,0x50,0x72,0x6f,0x66,0x69,0x6c,0x65,0x20,0x3d,0x20,0x51,
  0x74,0x2e,0x62,0x69,0x6e,0x64,0x69,0x6e,0x67,0x28,0x66,0x75,0x6e,0x63,0x74,0x69,
  0x6f,0x6e,0x28,0x29,0x20,0x7b,0xa,0x20,0x20,0x20,0x20,0x20,0x20,0x20,0x20,0x20,
  0x20,0x20,0x20,0x20,0x20,0x20,0x20,0x20,0x20,0x20,0x20,0x20,0x20,0x20,0x20,0x72,
  0x65,0x74,0x75,0x72,0x6e,0x20,0x28,0x63,0x65,0x6c,0x6c,0x2e,0x77,0x69,0x64,0x74,
  0x68,0x20,0x3e,0x20,0x65,0x6e,0x67,0x69,0x6e,0x65,0x2e,0x77,0x69,0x64,0x74,0x68,
  0x20,0x2f,0x20,0x32,0x29,0x20,0x3f,0x20,0x22,0x6d,0x61,0x69,0x6e,0x22,0xa,0x20,
  0x20,0x20,0x20,0x20,0x20,0x20,0x20,0x20,0x20,0x20,0x20,0x20,0x20,0x20,0x20,0x20,
  0x20,0x20,0x20,0x20,0x20,0x20,0x20,0x20,0x20,0x20,0x20,0x20,0x3a,0x20,0x28,0x63,
  0x65,0x6c,0x6c,0x2e,0x77,0x69,0x64,0x74,0x68,0x20,0x3e,0x20,0x65,0x6e,0x67,0x69,
  0x6e,0x65,0x2e,0x77,0x69,0x64,0x74,0x68,0x20,0x2f,0x20,0x34,0x29,0x20,0x3f,0x20,
  0x22,0x6d,0x69,0x64,0x22,0x20,0x3a,0x20,0x22,0x73,0x75,0x62,0x22,0xa,0x20,0x20,
  0x20,0x20,0x20,0x20,0x20,0x20,0x20,0x20,0x20,0x20,0x20,0x20,0x20,0x20,0x20,0x20,
  0x20,0x20,0x7d,0x29,0xa,0x20,0x20,0x20,0x20,0x20,0x20,0x20,0x20,0x20,0x20,0x20,
  0x20,0x20,0x20,0x20,0x20,0x20,0x20,0x20,0x20,0x69,0x74,0x65,0x6d,0x2e,0x63,0x61,
  0x6d,0x65,0x72,0x61,0x55,0x75,0x69,0x64,0x20,0x3d,0x20,0x51,0x74,0x2e,0x62,0x69,
  0x6e,0x64,0x69,0x6e,0x67,0x28,0x66,0x75,0x6e,0x63,0x74,0x69,0x6f,0x6e,0x28,0x29,
  0x20,0x7b,0xa,0x20,0x20,0x20,0x20,0x20,0x20,0x20,0x20,0x20,0x20,0x20,0x20,0x20,
  0x20,0x20,0x20,0x20,0x20,0x20,0x20,0x20,0x20,0x20,0x20,0x72,0x65,0x74,0x75,0x72,
  0x6e,0x20,0x63,0x65,0x6c,0x6c,0x2e,0x63,0x61,0x6d,0x65,0x72,0x61,0x55,0x75,0x69,
  0x64,0xa,0x20,0x20,0x20,0x20,0x20,0x20,0x20,0x20,0x20,0x20,0x20,0x20,0x20,0x20,
  0x20,0x20,0x20,0x20,0x20,0x20,0x7d,0x29,0xa,0x20,0x20,0x20,0x20,0x20,0x20,0x20,
  0x20,0x20,0x20,0x20,0x20,0x20,0x20,0x20,0x20,0x7d,0xa,0x20,0x20,0x20,0x20,0x20,
  0x20,0x20,0x20,0x20,0x20,0x20,0x20,0x7d,0xa,0xa,0x20,0x20,0x20,0x20,0x20,0x20,
  0x20,0x20,0x20,0x20,0x20,0x20,0x2f,0x2f,0x20,0x45,0x6d,0x70,0x74,0x79,0x2d,0x63,
  0x65,0x6c,0x6c,0x20,0x70,0x6c,0x61,0x63,0x65,0x68,0x6f,0x6c,0x64,0x65,0x72,0x20,
  0x28,0x46,0x61,0x72,0x73,0x69,0x20,0x68,0x69,0x6e,0x74,0x29,0xa,0x20,0x20,0x20,
  0x20,0x20,0x20,0x20,0x20,0x20,0x20,0x20,0x20,0x4c,0x61,0x62,0x65,0x6c,0x20,0x7b,
  0xa,0x20,0x20,0x20,0x20,0x20,0x20,0x20,0x20,0x20,0x20,0x20,0x20,0x20,0x20,0x20,
  0x20,0x61,0x6e,0x63,0x68,0x6f,0x72,0x73,0x2e,0x63,0x65,0x6e,0x74,0x65,0x72,0x49,
  0x6e,0x3a,0x20,0x70,0x61,0x72,0x65,0x6e,0x74,0xa,0x20,0x20,0x20,0x20,0x20,0x20,
  0x20,0x20,0x20,0x20,0x20,0x20,0x20,0x20,0x20,0x20,0x76,0x69,0x73,0x69,0x62,0x6c,
  0x65,0x3a,0x20,0x63,0x65,0x6c,0x6c,0x2e,0x63,0x61,0x6d,0x65,0x72,0x61,0x55,0x75,
  0x69,0x64,0x2e,0x6c,0x65,0x6e,0x67,0x74,0x68,0x20,0x3d,0x3d,0x3d,0x20,0x30,0xa,
  0x20,0x20,0x20,0x20,0x20,0x20,0x20,0x20,0x20,0x20,0x20,0x20,0x20,0x20,0x20,0x20,
  0x74,0x65,0x78,0x74,0x3a,0x20,0x22,0xd8,0xaf,0xd9,0x88,0xd8,0xb1,0xd8,0xa8,0xdb,
  0x8c,0xd9,0x86,0xdb,0x8c,0x20,0xd8,0xa7,0xd9,0x86,0xd8,0xaa,0xd8,0xae,0xd8,0xa7,
  0xd8,0xa8,0x20,0xd9,0x86,0xd8,0xb4,0xd8,0xaf,0xd9,0x87,0x20,0xd8,0xa7,0xd8,0xb3,
  0xd8,0xaa,0x22,0xa,0x20,0x20,0x20,0x20,0x20,0x20,0x20,0x20,0x20,0x20,0x20,0x20,
  0x20,0x20,0x20,0x20,0x63,0x6f,0x6c,0x6f,0x72,0x3a,0x20,0x22,0x23,0x34,0x62,0x35,
  0x35,0x36,0x33,0x22,0xa,0x20,0x20,0x20,0x20,0x20,0x20,0x20,0x20,0x20,0x20,0x20,
  0x20,0x20,0x20,0x20,0x20,0x66,0x6f,0x6e,0x74,0x2e,0x70,0x69,0x78,0x65,0x6c,0x53,
  0x69,0x7a,0x65,0x3a,0x20,0x31,0x33,0xa,0x20,0x20,0x20,0x20,0x20,0x20,0x20,0x20,
  0x20,0x20,0x20,0x20,0x7d,0xa,0xa,0x20,0x20,0x20,0x20,0x20,0x20,0x20,0x20,0x20,
  0x20,0x20,0x20,0x54,0x61,0x70,0x48,0x61,0x6e,0x64,0x6c,0x65,0x72,0x20,0x7b,0xa,
  0x20,0x20,0x20,0x20,0x20,0x20,0x20,0x20,0x20,0x20,0x20,0x20,0x20,0x20,0x20,0x20,
  0x6f,0x6e,0x54,0x61,0x70,0x70,0x65,0x64,0x3a,0x20,0x65,0x6e,0x67,0x69,0x6e,0x65,
  0x2e,0x66,0x6f,0x63,0x75,0x73,0x65,0x64,0x43,0x65,0x6c,0x6c,0x20,0x3d,0x20,0x63,
  0x65,0x6c,0x6c,0x2e,0x69,0x6e,0x64,0x65,0x78,0xa,0x20,0x20,0x20,0x20,0x20,0x20,
  0x20,0x20,0x20,0x20,0x20,0x20,0x7d,0xa,0x20,0x20,0x20,0x20,0x20,0x20,0x20,0x20,
  0x7d,0xa,0x20,0x20,0x20,0x20,0x7d,0xa,0x7d,0xa,
  
};

static const unsigned char qt_resource_name[] = {
  // qt
  0x0,0x2,
  0x0,0x0,0x7,0x84,
  0x0,0x71,
  0x0,0x74,
    // qml
  0x0,0x3,
  0x0,0x0,0x78,0x3c,
  0x0,0x71,
  0x0,0x6d,0x0,0x6c,
    // Vms
  0x0,0x3,
  0x0,0x0,0x5d,0x43,
  0x0,0x56,
  0x0,0x6d,0x0,0x73,
    // Client
  0x0,0x6,
  0x4,0xa2,0xfc,0x54,
  0x0,0x43,
  0x0,0x6c,0x0,0x69,0x0,0x65,0x0,0x6e,0x0,0x74,
    // Main.qml
  0x0,0x8,
  0x8,0x1,0x5e,0x5c,
  0x0,0x4d,
  0x0,0x61,0x0,0x69,0x0,0x6e,0x0,0x2e,0x0,0x71,0x0,0x6d,0x0,0x6c,
    // VideoCell.qml
  0x0,0xd,
  0x5,0xda,0xd2,0x7c,
  0x0,0x56,
  0x0,0x69,0x0,0x64,0x0,0x65,0x0,0x6f,0x0,0x43,0x0,0x65,0x0,0x6c,0x0,0x6c,0x0,0x2e,0x0,0x71,0x0,0x6d,0x0,0x6c,
    // CameraTree.qml
  0x0,0xe,
  0x8,0xd1,0x4b,0x3c,
  0x0,0x43,
  0x0,0x61,0x0,0x6d,0x0,0x65,0x0,0x72,0x0,0x61,0x0,0x54,0x0,0x72,0x0,0x65,0x0,0x65,0x0,0x2e,0x0,0x71,0x0,0x6d,0x0,0x6c,
    // TimelineBar.qml
  0x0,0xf,
  0xf,0x1,0xb5,0x1c,
  0x0,0x54,
  0x0,0x69,0x0,0x6d,0x0,0x65,0x0,0x6c,0x0,0x69,0x0,0x6e,0x0,0x65,0x0,0x42,0x0,0x61,0x0,0x72,0x0,0x2e,0x0,0x71,0x0,0x6d,0x0,0x6c,
    // SmartMap.qml
  0x0,0xc,
  0x8,0xc4,0x47,0x1c,
  0x0,0x53,
  0x0,0x6d,0x0,0x61,0x0,0x72,0x0,0x74,0x0,0x4d,0x0,0x61,0x0,0x70,0x0,0x2e,0x0,0x71,0x0,0x6d,0x0,0x6c,
    // GridEngine.qml
  0x0,0xe,
  0x1,0xb9,0xce,0x1c,
  0x0,0x47,
  0x0,0x72,0x0,0x69,0x0,0x64,0x0,0x45,0x0,0x6e,0x0,0x67,0x0,0x69,0x0,0x6e,0x0,0x65,0x0,0x2e,0x0,0x71,0x0,0x6d,0x0,0x6c,
  
};

static const unsigned char qt_resource_struct[] = {
  // :
  0x0,0x0,0x0,0x0,0x0,0x2,0x0,0x0,0x0,0x1,0x0,0x0,0x0,0x1,
0x0,0x0,0x0,0x0,0x0,0x0,0x0,0x0,
  // :/qt
  0x0,0x0,0x0,0x0,0x0,0x2,0x0,0x0,0x0,0x1,0x0,0x0,0x0,0x2,
0x0,0x0,0x0,0x0,0x0,0x0,0x0,0x0,
  // :/qt/qml
  0x0,0x0,0x0,0xa,0x0,0x2,0x0,0x0,0x0,0x1,0x0,0x0,0x0,0x3,
0x0,0x0,0x0,0x0,0x0,0x0,0x0,0x0,
  // :/qt/qml/Vms
  0x0,0x0,0x0,0x16,0x0,0x2,0x0,0x0,0x0,0x1,0x0,0x0,0x0,0x4,
0x0,0x0,0x0,0x0,0x0,0x0,0x0,0x0,
  // :/qt/qml/Vms/Client
  0x0,0x0,0x0,0x22,0x0,0x2,0x0,0x0,0x0,0x1,0x0,0x0,0x0,0x5,
0x0,0x0,0x0,0x0,0x0,0x0,0x0,0x0,
  // :/qt/qml/Vms/Client/qml
  0x0,0x0,0x0,0xa,0x0,0x2,0x0,0x0,0x0,0x6,0x0,0x0,0x0,0x6,
0x0,0x0,0x0,0x0,0x0,0x0,0x0,0x0,
  // :/qt/qml/Vms/Client/qml/GridEngine.qml
  0x0,0x0,0x0,0xce,0x0,0x0,0x0,0x0,0x0,0x1,0x0,0x0,0x48,0x44,
0x0,0x0,0x1,0x9f,0xc8,0x77,0x94,0xf3,
  // :/qt/qml/Vms/Client/qml/VideoCell.qml
  0x0,0x0,0x0,0x4a,0x0,0x0,0x0,0x0,0x0,0x1,0x0,0x0,0x9,0x87,
0x0,0x0,0x1,0x9f,0xc8,0x77,0x9e,0x95,
  // :/qt/qml/Vms/Client/qml/Main.qml
  0x0,0x0,0x0,0x34,0x0,0x0,0x0,0x0,0x0,0x1,0x0,0x0,0x0,0x0,
0x0,0x0,0x1,0x9f,0x81,0x45,0x30,0x18,
  // :/qt/qml/Vms/Client/qml/SmartMap.qml
  0x0,0x0,0x0,0xb0,0x0,0x0,0x0,0x0,0x0,0x1,0x0,0x0,0x31,0x50,
0x0,0x0,0x1,0x9f,0x81,0x45,0x30,0x18,
  // :/qt/qml/Vms/Client/qml/CameraTree.qml
  0x0,0x0,0x0,0x6a,0x0,0x0,0x0,0x0,0x0,0x1,0x0,0x0,0x1e,0xc2,
0x0,0x0,0x1,0x9f,0x81,0x45,0x30,0x18,
  // :/qt/qml/Vms/Client/qml/TimelineBar.qml
  0x0,0x0,0x0,0x8c,0x0,0x1,0x0,0x0,0x0,0x1,0x0,0x0,0x2c,0x32,
0x0,0x0,0x1,0x9f,0x81,0x45,0x30,0x18,

};

#ifdef QT_NAMESPACE
#  define QT_RCC_PREPEND_NAMESPACE(name) ::QT_NAMESPACE::name
#  define QT_RCC_MANGLE_NAMESPACE0(x) x
#  define QT_RCC_MANGLE_NAMESPACE1(a, b) a##_##b
#  define QT_RCC_MANGLE_NAMESPACE2(a, b) QT_RCC_MANGLE_NAMESPACE1(a,b)
#  define QT_RCC_MANGLE_NAMESPACE(name) QT_RCC_MANGLE_NAMESPACE2( \
        QT_RCC_MANGLE_NAMESPACE0(name), QT_RCC_MANGLE_NAMESPACE0(QT_NAMESPACE))
#else
#   define QT_RCC_PREPEND_NAMESPACE(name) name
#   define QT_RCC_MANGLE_NAMESPACE(name) name
#endif

#if defined(QT_INLINE_NAMESPACE)
inline namespace QT_NAMESPACE {
#elif defined(QT_NAMESPACE)
namespace QT_NAMESPACE {
#endif

bool qRegisterResourceData(int, const unsigned char *, const unsigned char *, const unsigned char *);
bool qUnregisterResourceData(int, const unsigned char *, const unsigned char *, const unsigned char *);

#if defined(__ELF__) || defined(__APPLE__)
static inline unsigned char qResourceFeatureZlib()
{
    extern const unsigned char qt_resourceFeatureZlib;
    return qt_resourceFeatureZlib;
}
#else
unsigned char qResourceFeatureZlib();
#endif

#ifdef QT_NAMESPACE
}
#endif

int QT_RCC_MANGLE_NAMESPACE(qInitResources_vms_client_raw_qml_0)();
int QT_RCC_MANGLE_NAMESPACE(qInitResources_vms_client_raw_qml_0)()
{
    int version = 3;
    QT_RCC_PREPEND_NAMESPACE(qRegisterResourceData)
        (version, qt_resource_struct, qt_resource_name, qt_resource_data);
    return 1;
}

int QT_RCC_MANGLE_NAMESPACE(qCleanupResources_vms_client_raw_qml_0)();
int QT_RCC_MANGLE_NAMESPACE(qCleanupResources_vms_client_raw_qml_0)()
{
    int version = 3;
    version += QT_RCC_PREPEND_NAMESPACE(qResourceFeatureZlib());
    QT_RCC_PREPEND_NAMESPACE(qUnregisterResourceData)
       (version, qt_resource_struct, qt_resource_name, qt_resource_data);
    return 1;
}

#ifdef __clang__
#   pragma clang diagnostic push
#   pragma clang diagnostic ignored "-Wexit-time-destructors"
#endif

namespace {
   struct initializer {
       initializer() { QT_RCC_MANGLE_NAMESPACE(qInitResources_vms_client_raw_qml_0)(); }
       ~initializer() { QT_RCC_MANGLE_NAMESPACE(qCleanupResources_vms_client_raw_qml_0)(); }
   } dummy;
}

#ifdef __clang__
#   pragma clang diagnostic pop
#endif
